RK,Team,Conf,G,ADJOE,ADJDE,BARTHAG,EFG_O,EFGD_O,TOR,TORD,ORB,DRB,FTR,FTRD,2P_O,2P_D,3P_O,3P_D,3PR,3PRD,ADJ_T,WAB
1,Houston,B12,28,119.615,86.51,.97661,49.5226,43.91,13.45,253,37.99,29.2185,31.6219,39.4315,48.5255,43.24,34.2160,3015,35.6226,41.4305,64345,82
2,Purdue,B10,28,128.11,96.119,.96462,56.312,47.954,16.3120,14.1334,387,23.815,42.214,238,54.147,47.664,40.23,32.389,35.5227,37.6200,68.2158,9.51
3,Connecticut,BE,28,126.23,95.718,.96033,56.97,45.15,15.261,16.5221,37.210,26.988,34.3138,33.8215,58.95,448,3666,31.655,41.472,3347,64.9326,7.93
4,Arizona,P12,28,122.67,95.417,.94734,5525,48.674,15.787,18.2104,36.712,236,36.488,26.531,54.830,47.253,36.933,33.8177,31.9301,38.9245,72.812,5.17
5,Auburn,SEC,28,120.214,93.98,.94495,53.452,442,14.949,18.683,33.646,29.6200,38.641,39.9318,54.732,43.36,34.3151,30.317,38.3149,34.679,7064,3.518
6,Iowa St.,B12,28,115.341,90.22,.94436,52.495,48.159,15.997,25.82,33.254,28.2140,36.488,35.8257,52114,46.542,35.495,33.3140,31.6304,45.6354,68.4147,4.510
7,Tennessee,SEC,28,118.518,92.74,.94407,52.875,44.64,14.846,18.969,32.860,28.7162,34.7128,36.1264,53.174,43.13,34.9122,31.140,40109,40.5288,69.971,5.66
8,Marquette,BE,28,119.616,95.214,.93248,55.815,49.2105,14.846,22.311,27.1243,30.9267,25.3348,27.143,57.510,48.592,35.588,33.5152,41.763,42.1317,69.970,5.84
9,Alabama,SEC,28,128.02,102.3100,.92929,57.44,49.9147,16.3120,16.2239,35.820,30.3239,35.2116,37.6290,57.79,50.8196,38.112,32.178,47.612,36.5145,72.814,4.79
10,Kansas,B12,27,116.730,93.66,.926310,54.533,46.931,16.5141,17.1168,25.8287,2663,33.1164,29.184,55.523,44.611,34.7135,33.4146,29.7330,41.5308,69.1105,5.18
11,North Carolina,ACC,28,116.729,94.19,.922411,51.2153,46.222,14.530,15.3294,32.668,24.119,37.856,27.863,50186,46.440,35.495,30.623,36.2207,36.7150,7143,5.65
12,Saint Mary's,WCC,29,116.631,94.110,.921812,53.162,44.33,15.680,17.3154,38.74,22.61,28.2303,33.6209,53.468,42.81,35.1111,31.864,37190,29.913,62.7356,1.339
13,Duke,ACC,28,121.79,98.434,.919913,55.815,49.1101,14.736,17176,31.1102,25.130,35.5111,27.656,54.535,49.7145,38.610,3273,37.5173,37.1180,67.3213,3.914
14,Creighton,BE,29,120.313,97.729,.915914,57.73,45.912,15.470,11.3362,26.6259,25.442,24.7352,16.41,60.73,45.215,36.451,3273,48.47,26.23,67231,4.113
15,Illinois,B10,28,125.74,102.6105,.912215,5442,47.445,15.366,12.6359,36.517,25.753,36.585,2740,55.224,46.133,34.8126,33.9184,39.5120,27.56,70.258,3.616
16,Baylor,B12,27,123.26,100.872,.909816,56.312,50.8193,17.6207,17.9121,35.422,28.2140,39.924,31.8156,53.565,51.4226,40.42,33.2134,39134,35.8119,65.9286,4.312
17,BYU,B12,28,121.98,100.464,.902717,55.322,48.159,1555,16.5221,33.743,23.917,24.3354,32.9190,57.97,49.4133,35.2105,30.520,50.64,34.882,69.395,2.625
18,Gonzaga,WCC,28,120.810,99.850,.899618,56.97,46.931,14.530,16.3233,34.236,26.267,32.1192,2624,59.24,4513,34.8126,33.4146,32.2299,36.9163,69.876,1.931
19,Kentucky,SEC,28,123.75,102.398,.899219,576,49.1101,13.78,16.8194,28.7182,30.8263,29.6277,33.5206,54.732,49.5139,40.71,32.494,36.8194,40.3282,72.316,2.823
20,Michigan St.,B10,28,115.243,95.316,.898320,52.778,47.342,14.736,18.778,29171,28.7162,30.8241,31.7155,51.7129,46.844,36.738,3273,30.4322,42.1317,65.9290,0.554
21,Florida,SEC,28,120.711,100.463,.893221,51.3147,48.882,16.2114,14.9307,39.43,28.9171,3699,33192,51.9117,49117,33.6191,32.178,35.1242,32.944,71.328,2.822
22,St. John's,BE,29,116.928,97.323,.892122,49.6221,48.471,16.1109,18.586,38.56,30.6254,26.3337,34.8237,49.7202,47.664,32.8227,33.1128,32.5293,35.6111,69.584,0.458
23,San Diego St.,MWC,27,112.866,94.211,.887623,51159,47.342,16.3120,18.586,31.298,27.197,38.347,31.6150,52.980,49.3127,31.9267,29.710,37.6171,41.3301,67233,3.617
24,Texas,B12,28,117.724,98.535,.886124,53.355,48.366,17.4196,18.586,31.298,29.9217,30.1256,32.8185,52.883,4749,36.161,34.1201,35244,32.133,67.3214,1.638
25,Wake Forest,ACC,28,117.526,98.942,.879225,54.731,47.747,15.680,16.1244,26.6259,26.165,31.3227,30.5123,53.853,47.973,37.425,31.655,38157,33.656,68.7136,0.163
26,Wisconsin,B10,28,119.117,100.359,.879026,52.1109,52.1269,14.949,16.7202,30.5119,23.512,35120,31.4142,52.980,50.7191,33.9178,36.5330,35244,34.575,64.9327,2.626
27,Clemson,ACC,28,118.421,99.749,.878227,54.335,47.849,15.158,13.6342,28.4200,25.340,31235,31.6150,54.242,46.133,36.451,33.5152,39.6116,40274,66.7250,2.824
28,Mississippi St.,SEC,28,113.162,95.315,.877628,51.7133,4735,18.6276,18.1110,35.521,27.197,37.856,32163,53.372,50156,32.8227,28.53,38.7144,41.1297,68171,1.835
29,Villanova,BE,28,112.868,95.113,.875729,50.6177,4856,14.323,16.5221,26.6259,24.724,27.8311,27.143,50.9149,47.973,33.5196,32.281,47.413,43.9345,64344,-0.567
30,Dayton,A10,27,118.420,100.566,.868730,56.312,4735,15.261,15.9257,27.4235,29.8212,3776,21.84,54.147,47.664,39.37,30.725,44.631,39.5262,63.5351,3.715
31,New Mexico,MWC,27,115.539,98.032,.868631,51.7133,49.1101,14.219,20.335,32.860,26.470,35120,34218,51.9117,49.9153,34.2160,31.969,29.6332,35.399,73.76,1.145
32,Nebraska,B10,29,114.747,97.527,.866232,52.778,46.627,16.1109,16.8194,27.9217,30223,32200,27.551,51.8121,45.215,35.874,32.494,44.533,41.7312,68.9116,230
33,Colorado,P12,28,117.525,100.155,.863233,55.618,49.7132,18.4268,15.8267,32.275,23.714,37.565,28.876,53.950,49.5139,39.55,33.4146,30325,3591,69109,0.750
34,Northwestern,B10,28,118.023,100.769,.860534,52.968,51.6244,13.56,19.546,26.5262,27.8121,30.3251,41.4333,49.8197,50.6184,398,35.5284,36.7195,37.4195,64.4337,2.921
35,TCU,B12,28,115.540,98.840,.857835,52.875,49.4118,17.9228,2125,35.422,28.7162,35.1117,34.2220,52.883,49.9153,35.399,32.494,29.9326,34.987,70.257,1.836
36,Boise St.,MWC,26,115.242,98.738,.855136,52.686,49.7132,16.7150,17.2161,32.180,22.84,35.8107,32.7182,52.499,52252,35.2105,30.419,39.5120,36.8157,66.9239,1.243
37,Colorado St.,MWC,27,114.548,98.233,.853837,5525,49.3113,14.949,17.3154,23337,27.5108,31.6219,30.8129,57.510,48.285,34172,34.3213,38.6147,34.268,66.3268,1.340
38,Texas Tech,B12,28,118.419,101.889,.850138,52.686,48.992,16.1109,17176,30.2129,31.2277,34.6131,26.531,51.4139,48.7100,36.258,32.8113,41.182,37.7204,66.5257,1.933
39,Nevada,MWC,28,114.746,98.943,.846739,52.778,4856,14.736,17.6133,28.3206,2795,45.46,33.2198,52.3102,48.695,35.683,31.551,32.6290,41294,67228,2.627
40,Washington St.,P12,29,114.153,98.536,.844240,52.686,46.728,15.787,15.9257,31.984,25.544,32200,33.3204,52.692,4631,35.2105,32.178,31.6304,31.528,65.3311,2.920
41,South Carolina,SEC,28,114.451,98.841,.843141,51.2153,46.931,15.997,14.9307,33.548,27.6114,30.6244,30.9132,51.2145,46.133,34.1167,32.6105,41.958,31.122,63.4352,4.411
42,Oklahoma,B12,28,112.277,97.021,.842742,52.968,46.121,17.9228,16.7202,30.1131,26.165,3776,31.3137,54.535,47.664,33.7185,28.95,38.2153,36.1127,67.2219,1.932
43,Indiana St.,MVC,29,117.427,101.888,.836543,59.51,4997,16.8155,15.9257,23.9316,23.29,33.3158,25.421,622,49.3127,3814,32.281,49.95,34.373,7136,2.428
44,Utah,P12,28,114.450,99.851,.827544,53.549,49.2105,16.3120,14.4323,28.9176,26.677,28306,25.220,53.754,47.558,35.495,34.9250,39.2131,36.7150,69.677,0.555
45,SMU,Amer,27,114.845,100.257,.827045,52116,4615,16.7150,18.969,38.74,31.4288,28.6294,32.4170,51.8121,46.133,35115,30.520,35.3237,37.3189,67.8185,-1.579
46,Iowa,B10,29,120.512,105.2150,.826346,52.968,51.6244,13.67,16.8194,28.6192,31.1274,33.5155,32.8185,53.754,51209,34172,35.1260,29.3337,35.6111,72.119,0.160
47,Seton Hall,BE,28,111.982,98.031,.822747,49.7216,48.992,18.9292,18.1110,36.318,29178,32.1192,26.735,50.7157,47.558,31.4300,33.9184,29.4336,42.6329,66.4264,1.146
48,Virginia,ACC,29,106.5169,93.35,.820048,49.6221,45.912,13.24,2041,25.9283,27.8121,26341,2740,47.2291,45.521,36.546,31.140,31.5307,40.4284,60.5362,1.834
49,Cincinnati,B12,28,111.193,97.525,.818849,49.8211,47.747,18.1242,16.9185,387,24.825,29.9265,28.372,50.3174,46.844,32.6235,32.9119,34.9249,34.167,67.7190,-169
50,Ohio St.,B10,29,115.737,101.786,.815350,50.4188,49.1101,15.158,15.7271,31.789,28.8168,33169,2981,50.6163,47.253,33.3203,35.4279,35.7223,33.454,65.4305,-0.768
51,Utah St.,MWC,26,113.956,100.361,.811251,53.944,48.882,16.2114,16.6213,28.7182,25.236,3852,31.4142,57.213,52.7282,31.5294,281,32.5293,36.8157,69106,3.519
52,Maryland,B10,29,106.3177,93.87,.808152,46.5317,45.710,17.5204,1964,33.254,28.8168,42.612,34.5229,49233,45.215,28.2354,31.346,37.5173,29.411,65.4306,-2.496
53,Pittsburgh,ACC,28,113.659,100.462,.806853,50.5181,48.882,13.812,16.6213,31.984,23.17,31.8209,30107,49.2225,50.9200,34.7135,30.317,44.925,38.9245,66.3265,-0.465
54,Drake,MVC,29,116.134,102.5103,.806754,55.520,50.7187,14.219,17.4149,24.5309,23.17,31.9205,32.1166,56.316,51.2217,36.161,33.2134,39.6116,39.8269,68.1167,0.849
55,Virginia Tech,ACC,28,115.638,102.197,.806655,53.549,50.8193,16.5141,17.2161,25.1296,26.988,32.8178,29.7100,5449,50.9200,35.2105,33.8177,41.763,33.964,67.8182,-1.884
56,Bradley,MVC,29,114.152,100.973,.804456,55.520,48.366,17.8221,1964,29.3156,28.6156,27.9308,34.5229,55.127,46.948,37.425,33.8177,42.551,37.5198,66.5259,-2.189
57,Florida Atlantic,Amer,28,118.322,104.7142,.802457,54.928,49.4118,15.787,16.9185,34.332,30.1229,32.7186,27.143,55.622,49.7145,3666,32.6105,39.6116,36.2131,67.7191,1.242
58,Xavier,BE,28,112.867,99.852,.802358,49.1245,48.366,16.3120,16.3233,32.860,29.5195,31.3227,30.6125,47.8278,47.872,34.5140,32.7111,32.6290,35.7116,7141,-1.681
59,Washington,P12,29,115.736,102.6106,.799659,53.452,49.8140,15.894,15.9257,27.7225,29178,32.6187,33.5206,54.242,49.4133,34.8126,33.7170,36.3205,34.987,71.427,-2.494
60,Oregon,P12,28,113.460,100.871,.795660,52.1109,50.8193,15.261,17.8125,28.9176,26.575,33.8149,32163,51.4139,51.1211,35.588,33.5152,37.2185,35.399,68176,0.556
61,Providence,BE,28,109.4114,97.524,.791061,52.495,47.240,17.7214,17.7128,27250,28.1134,33169,27.551,54.242,45.625,33.3203,33.5152,43.245,33.555,68.5143,1.147
62,Butler,BE,28,113.955,101.683,.788462,51.8130,50.2163,15.261,15.7271,26.8257,28.9171,28.5300,22.96,51.2145,51.1211,35.2105,32.6105,37.8165,38.3225,68.6137,-0.466
63,Mississippi,SEC,28,116.233,103.9130,.784263,51.4142,50151,15.575,18.3101,30.4121,35.2353,34.4135,31.1135,48.9236,49.5139,37.719,34190,33.5277,37175,66.9238,1.341
64,Minnesota,B10,28,114.844,102.7111,.782564,54.731,48.882,17.3188,16250,31.493,29.7205,3699,30.8129,54.535,47.770,36.642,34.2208,39.4123,30.315,67.1223,-1.272
65,Kansas St.,B12,28,107.6155,96.320,.781065,50.1203,4615,21.3350,16.7202,33.352,31.6294,37.662,31.8156,52.2108,45.828,31.5294,30.932,41.567,37.8206,67.4211,0.259
66,North Texas,Amer,25,108.9125,97.526,.780566,50.2199,46.424,18.7287,20.239,34.332,32.7320,28.6294,39.1310,47.1296,45.726,36.738,31.864,38.9138,36.9163,61.2361,-4.6122
67,UCF,B12,27,105.8188,94.912,.778367,47.6284,46.829,17.7214,20.728,32.763,26.884,36.979,38.9307,47.5284,45.419,31.9267,32.8113,36.7195,38.2220,69.298,-2.290
68,Texas A&M,SEC,28,112.669,101.276,.774868,44.4353,49.7132,14.426,17176,421,28.8168,3852,31.4142,47.1296,48.7100,26.7360,34190,38.3149,43.4342,65.5303,-1.374
69,Richmond,A10,28,108.0150,97.322,.769069,53.355,4615,12.41,17.1168,17.2362,26.884,27.5321,26.531,52.1110,45.828,36.933,30.828,35.9220,40.8291,67.1227,0.457
70,James Madison,SB,30,111.983,101.074,.763670,54.237,46.829,14.736,20.140,31.888,27.4107,34.1143,35.3248,54.634,48.9113,35.779,28.53,38.2153,35.297,70.553,1.637
71,Syracuse,ACC,28,112.179,101.378,.761871,50.9161,52.8296,15.680,20.630,24.4311,31.8300,33.8149,2624,51.6132,53.1291,33219,34.8244,34269,37.2183,70.945,0.651
72,San Francisco,WCC,29,110.996,100.258,.761472,55.618,49.6125,17.2178,20.434,30.3124,23.917,24.5353,39.1310,57.88,48.8107,34.8126,33.9184,39.9111,37.7204,67.5205,-1.271
73,Georgia,SEC,28,112.473,101.784,.761173,50.3192,50.3167,16.4130,16.6213,27.4235,30223,39.924,29.7100,49.8197,50.1160,34.1167,33.6161,40.399,38.4229,68.8125,-2.493
74,UNLV,MWC,25,113.163,102.4101,.758574,51.8130,50.3167,15.680,18.2104,29.3156,31.3282,32.9175,31.5148,5378,51.6231,33.1213,32.281,34.5256,38.2220,65.3310,-1.783
75,Louisiana Tech,CUSA,26,109.4113,99.146,.757175,51159,45.68,19.4313,17.8125,3439,28.3145,43.39,31134,49.3220,42.81,3666,33.6161,36216,35.6111,65.5302,-2.391
76,LSU,SEC,28,111.784,101.480,.754176,52.686,49.2105,18.6276,18.586,30.4121,32306,38.151,31.9159,51.8121,47.973,3666,34190,37.3182,41.6310,7063,-1.987
77,Florida St.,ACC,28,110.7100,100.567,.751677,50.7170,51.5239,16.8155,20.927,28.6192,32306,36.781,43342,52114,50.4176,31.9267,35.5284,31.4309,38.6236,7135,-2.492
78,North Carolina St.,ACC,28,112.178,101.990,.751178,50.2199,50.2163,13.78,18.875,28.7182,28.9171,31.1232,34.8237,49.7202,48.8107,34172,35.2266,34.4259,3591,68.7132,-1.478
79,Miami FL,ACC,29,112.671,102.399,.750479,53.648,50.9198,17.3188,16.7202,28.2211,27.8121,25.9343,22.25,52.1110,52.1256,37.129,33123,40.890,45.8355,69.1102,-399
80,Princeton,Ivy,23,114.549,104.3135,.745180,54.335,50.4175,12.41,16.9185,23.5329,25.236,29291,23.29,56.715,50.6184,34.7135,33.4146,512,38.9245,64.5334,229
81,Massachusetts,A10,28,112.670,102.7109,.743281,51.3147,48.674,16.2114,19.256,36.615,29.7205,35.5111,38.5303,53.468,46.844,31.6288,34.3213,34.7253,38.7239,68.9117,-3.9115
82,Yale,Ivy,25,111.686,101.887,.742282,52116,50.1154,14.115,15.8267,28.7182,23.29,27.8311,29.184,52.3102,49.3127,34.3151,34.1201,35.3237,41294,65.3312,-1.580
83,St. Bonaventure,A10,28,112.572,102.7108,.741083,53.162,50.5179,16.4130,19.546,30.2129,27.5108,31.8209,34.6232,51.5136,52.2261,37.228,3273,36.6198,40.8291,66.2270,-2.495
84,Samford,SC,28,113.857,103.9131,.740684,57.15,50.6184,18.1242,22.212,30.7114,32.3312,34.9124,36.1264,55.224,49.6142,39.94,34.7236,40.793,39.9271,72.911,0.162
85,UC Irvine,BW,28,108.0149,98.739,.738185,51.7133,45.811,17.4196,17.9121,30.8111,27.7116,34.9124,35.3248,51.3142,44.19,35.399,33.1128,27.7352,30.418,69112,-1.782
86,VCU,A10,28,108.3133,99.045,.737586,52.1109,45.68,18.2256,16.2239,28.7182,26.778,35.8107,35242,50.6163,4631,3666,29.913,43.245,36.7150,65.8293,-1.885
87,Grand Canyon,WAC,28,111.292,101.785,.735887,52.2105,4615,18.1242,1964,35.126,28.2140,44.57,34.2220,52.499,44.812,34.5140,32.389,35.5227,32.944,68.5144,1.144
88,McNeese St.,Slnd,24,110.7101,101.277,.735688,54.139,47.849,14.115,236,31107,29.9217,39.331,33.2198,52.1110,45.419,38.79,33.7170,33.8274,47.9362,65.9289,0.848
89,Memphis,Amer,29,112.475,103.2119,.727789,52.968,49.3113,18.6276,19.256,32.959,33.5336,37.662,30.2116,53.754,48.183,34.5140,33.8177,38.9138,42.9338,72.121,0.653
90,Rutgers,B10,28,100.4281,92.23,.727790,44.2355,46.526,16.4130,21.617,30.5119,31.2277,33169,33.6209,44.2349,45.726,29.5338,31.864,31314,39.3259,68.1168,-1.477
91,Penn St.,B10,29,110.897,101.992,.723991,50.8168,51.1213,15.470,21.123,26.4265,32.9324,34.9124,35.9260,51.5136,53.3302,33.1213,31.140,39.2131,32.638,70.550,-3.9114
92,Loyola Chicago,A10,27,105.9186,97.628,.720092,52.778,46.323,18.9292,16.9185,25.8287,24.825,33169,36.7280,52.788,43.24,35.2105,34.4221,4185,36.9163,68.9115,-1.375
93,Appalachian St.,SB,29,107.1163,98.637,.719393,52.778,45.26,15.261,14.9307,29.7146,27.2102,32.1192,19.82,53.662,43.87,33.8183,31.969,31.9301,3347,67.4208,0.161
94,USC,P12,28,110.1108,101.682,.716994,51.2153,50.1154,17.8221,18.969,29.9134,33326,33.7151,31.4142,50.6163,47.151,34.8126,36.6334,36.6198,38.7239,69113,-6.3155
95,UCLA,P12,27,107.0164,99.044,.711495,45.8334,50151,16.4130,18.495,30.8111,27.2102,36.295,35.3248,45.2340,49.1119,31.6288,34.2208,29.3337,42.8333,63.8347,-4117
96,Indiana,B10,28,110.899,102.4102,.711396,52.495,49.2105,17.1172,14.5318,27.1243,30223,40.419,32.6177,54.242,47.357,31.8276,34.7236,28.3347,40.6290,68.7128,-1.376
97,Charlotte,Amer,26,110.995,102.5104,.711197,51.4142,47.954,15.470,15.4289,25.9283,29.5195,35120,30.5123,53.662,49117,31.8276,30.725,37.2185,36.8157,62.6357,-3.1101
98,Oklahoma St.,B12,28,111.094,102.7110,.709298,52.1109,50.9198,18.5270,17.1168,27.7225,27.6114,34.6131,2868,52.594,51.4226,34.4147,33.1128,43.342,32.133,67.4210,-5.5141
99,South Florida,Amer,26,109.7111,101.991,.702099,51.3147,47.240,15.997,18.778,28.5197,30.9267,38.445,33.6209,49.2225,47.973,36.258,30.828,41.567,37.8206,68.1166,0.652
100,Duquesne,A10,27,106.9165,99.448,.6978100,49.9207,48.471,17.3188,19.353,29.9134,31.3282,34.4135,35.5252,49.7202,48.387,33.4201,32.494,40.1105,35.7116,67.2222,-3.5106
101,George Mason,A10,27,111.391,103.7124,.6935101,52.591,48.264,18.1242,15.7271,32.275,28129,38.250,31.3137,52.3102,44.510,35.399,35.6291,37.7169,41.7312,64.5333,-3100
102,Boston College,ACC,28,113.461,105.7163,.6915102,53.258,51.5239,15.366,16.7202,26.2272,26.778,27.3324,29.184,52.3102,50.4176,36.451,35.6291,37.2185,37.2183,68.1164,-3.4104
103,Saint Joseph's,A10,28,112.081,104.5138,.6887103,53.452,49.4118,16.1109,18116,29.2164,29.5195,29.7275,30.1111,52.2108,47.558,36.451,34.5228,47.910,44.9351,68.7135,-3.8112
104,Stanford,P12,28,111.487,104.3136,.6811104,54.830,52262,18.1242,15.1302,22.7342,26.988,27.2326,2624,53.565,50.9200,37.817,35.8301,41.182,37.2183,7068,-6.3156
105,College of Charleston,CAA,29,113.858,106.9187,.6727105,52.2105,50.7187,14.323,16.4225,33.548,26.988,27.5321,28.979,52.788,50.9200,34.4147,33.5152,47.413,36.4142,70.946,-1.886
106,UC San Diego,BW,27,112.180,105.3153,.6725106,51.9123,49.8140,14.115,17.6133,27250,28.4146,31.7215,29.491,52.594,49.9153,34172,33.1128,42.254,35.4107,65.7296,-5131
107,California,P12,29,110.3107,103.7125,.6700107,49.8211,50.9198,16102,14.5318,29.1169,25.648,30260,32.6177,48.7248,49.6142,34.3151,35.5284,41.862,35.8119,68.6140,-5.6143
108,Vermont,AE,27,106.5171,100.154,.6692108,52.3101,47.138,13.78,14.5318,22.5347,22.84,27.8311,24.716,54.242,46.338,33.3203,32.494,44.729,36.2131,63.7349,-1.170
109,Southern Illinois,MVC,29,109.4115,102.9114,.6676109,5364,49.7132,17.2178,16.6213,26281,25.648,35.9102,36.2266,54.340,52252,34.3151,29.710,43.637,30.519,64.6332,-4.2119
110,Michigan,B10,29,112.476,105.9167,.6632110,52.1109,52262,18.4268,13.4345,30.9109,31.4288,31.8209,28.674,50.2181,51.2217,36.738,35.9305,38157,32.638,67.6200,-7.3176
111,Davidson,A10,26,106.2179,100.360,.6600111,49.2242,49.8140,15.894,17.2161,26.4265,25.648,34.1143,31.5148,50.8155,50.1160,31.3303,33123,41.472,42.6329,65.7294,-5.1133
112,Akron,MAC,26,107.3158,101.379,.6599112,52.3101,48.992,16.9160,17.3154,29.8138,25.648,34147,29.184,54.439,50.4176,32.9222,30.828,41.376,36.8157,65.6297,-2.797
113,Northern Iowa,MVC,29,109.0121,103.0116,.6587113,52.2105,52.1269,15.787,16.8194,23.9316,22.61,36.585,31.2136,52.788,52.2261,34.2160,34.7236,37.1189,40.8291,66.7249,-4.8127
114,Cornell,Ivy,24,113.065,106.8185,.6584114,56.810,51.2219,17.7214,19.162,27.5231,31.7296,30.1256,32.5174,62.11,52.3265,34172,33.2134,48.28,42.4327,72.120,-0.164
115,Hofstra,CAA,29,109.2118,103.3120,.6546115,55.717,48.778,16102,17.5141,23.5329,29.7205,21.3362,29.9103,5617,46.844,36.933,34.2208,46.420,42.1317,66280,-4.7124
116,Troy,SB,27,107.8152,102.196,.6530116,49.8211,49.4118,19.2305,20.532,35.126,30.6254,40.617,39.1310,48268,47.151,35.1111,35.9305,40.2102,34.268,7065,-5.1136
117,Belmont,MVC,29,110.898,105.3154,.6423117,5525,52.8296,16.9160,16.7202,21.8350,27.197,30.3251,2740,54.340,53.8318,37.425,34.3213,41.567,40.1275,71.133,-4116
118,Western Carolina,SC,27,108.3132,103.0115,.6420118,51.3147,47.138,14.736,13.6342,29171,24.520,28.2303,32.9190,49.7202,45.521,36.161,33.7170,35.5227,30.519,67.5204,-4.2120
119,High Point,BSth,28,116.035,110.3260,.6409119,52.778,50.5179,16102,13.6342,36.615,23.815,45.55,38.1296,53.950,50156,33.8183,34.4221,39134,31.832,69110,-1.988
120,Arkansas,SEC,28,108.8127,103.8129,.6318120,49.6221,49.6125,16.2114,15.2299,26.1278,30223,464,38.6305,50.4170,48.7100,32263,34.1201,33.4280,34.987,70.649,-3.7110
121,UNC Wilmington,CAA,26,113.954,108.7224,.6305121,51.4142,51.7249,12.73,16.3233,29.8138,29.4189,32.1192,32.2167,52.594,50.6184,33.2208,35.8301,40.1105,36.7150,65.3309,-3.5105
122,Arizona St.,P12,29,104.6207,99.953,.6304122,47.8281,51207,14.736,19.162,21.5353,30.2233,32.8178,30107,48.7248,52.6277,30.9310,32.389,38157,38.5235,69.587,-3.7111
123,Liberty,CUSA,25,110.6103,106.4176,.6083123,54.237,50.5179,1555,16.8194,25.1296,25.236,25.7345,30.6125,54.830,51.7235,35.874,3273,46.321,33.250,65320,-5.3139
124,West Virginia,B12,28,108.0147,104.1132,.6060124,48.4262,50.8193,18.1242,15.3294,27250,30.1229,37.173,2868,46.7307,50.6184,34.2160,34.1201,37.5173,42.2322,68.7127,-7.1172
125,UNC Greensboro,SC,28,110.4104,106.5181,.6030125,53.549,49.3113,15.997,17.3154,28.6192,29.6200,27.7315,35.9260,49.1230,48.387,39.46,33.7170,43.736,44.7349,65.1319,-3.4103
126,Youngstown St.,Horz,27,108.7130,104.9144,.6007126,50.5181,48.882,15.470,16.7202,34.236,28.5151,29.5280,30.2116,51.6132,47.973,32.6235,33.6161,41.958,36125,69.393,-4.6123
127,Drexel,CAA,29,108.3134,104.5139,.5999127,50.4188,47.445,16.8155,13.2350,33.941,24.622,30260,27.551,50.4170,47.558,33.5196,31.551,33286,36.1127,64.8329,-5.2137
128,Oakland,Horz,30,109.0123,105.2151,.5989128,52.1109,50.9198,16.5141,16.4225,30.7114,28.7162,30260,26.531,51.8121,50.7191,35115,34190,4185,41.2299,67.4209,-4118
129,Notre Dame,ACC,28,101.3266,97.930,.5969129,47.4293,47.849,19.6320,16250,29171,25.857,26.5336,26.837,48268,46.440,31305,33.5152,43.835,35.8119,64.4336,-6.9166
130,Santa Clara,WCC,29,108.7129,105.2149,.5943130,52.495,48.366,18.1242,14.3328,34.332,26.575,30.1256,34.2220,52.594,48.7100,34.8126,31.864,39.3126,36.9163,68.8126,-3.6109
131,Murray St.,MVC,29,109.1119,105.7162,.5923131,50.9161,54.1339,14.530,17.9121,26.2272,25.960,29.8270,26.938,52.3102,53.5314,32.1260,36.7336,35.5227,42.8333,65322,-10.6260
132,Missouri,SEC,28,109.0124,105.6160,.5891132,50.5181,50.9198,16.6147,18.778,26.2272,35.3355,30.7243,40.7327,51.8121,50.6184,32.4245,34.2208,40.1105,39.1252,66.8242,-8.8212
133,Seattle,WAC,28,104.2217,101.075,.5871133,50.5181,4615,18.6276,17.6133,29.6149,25.857,36.198,38.2299,50186,46.743,34.1167,29.710,38.3149,34.268,67.2218,-5.9150
134,UAB,Amer,27,110.6102,107.3195,.5869134,48.8252,51.4228,17.3188,16.5221,35.422,30.5246,40.220,30.7128,49.5212,50.4176,31.6288,35.4279,31.3311,36.1127,68172,-2.798
135,Morehead St.,OVC,26,108.2136,105.0147,.5865135,54.139,4615,19299,15.2299,32.473,26.988,31.5222,34.2220,5617,45.521,34.4147,31.450,44.729,31.122,64.8330,-3.4102
136,Louisiana Lafayette,SB,28,107.2161,104.1133,.5846136,50.9161,50.1154,17.2178,20.532,31.591,32.6319,28.9292,41.9335,51.6132,53.9321,33.2208,281,36.2207,32.133,68.7134,-7.2175
137,Georgia Tech,ACC,28,108.0147,104.9145,.5831137,48.2270,48.674,17.6207,12.8358,31.493,29.4189,29.6277,32.4170,47.7279,49.4133,32.7234,31.655,40.596,39.8269,67.5201,-4.9130
138,UT Arlington,WAC,27,106.4174,103.8128,.5702138,50.6177,49.2105,21.7355,18.969,32.763,29.7205,40.121,40.8328,49.6210,47.558,34.6138,34.9250,42.155,35.6111,7139,-6.1153
139,Wichita St.,Amer,28,104.3212,101.994,.5662139,49.2242,48.159,18.2256,15.3294,31107,28.9171,27.3324,27.760,50.3174,47.973,31.1304,32.281,30.9315,38.2220,69.299,-9.6234
140,Western Kentucky,CUSA,25,105.8190,103.4121,.5662140,51.6137,47.849,18.6276,18.1110,28.7182,27.5108,32.6187,33.1197,51.8121,48.592,34.2160,31.140,31.2312,39.5262,75.41,-4.8125
141,Towson,CAA,29,104.1218,101.993,.5604141,47.2298,48.882,18.7287,16.9185,402,26.778,34.7128,31.4142,46.1325,47.770,32.9222,33.7170,34269,36.3138,62.3359,-5.8147
142,Eastern Washington,BSky,27,111.488,109.1236,.5600142,56.97,52.1269,18.9292,16.1244,26.3269,26.778,38.641,33192,57.114,51.4226,37.817,35.5284,41.763,41.2299,70.551,-3.6107
143,UMass Lowell,AE,24,108.2137,106.2173,.5547143,51.6137,4735,18.2256,15.9257,31.984,28129,39.430,27.247,53.174,48.8107,31.9267,28.95,28.9340,32.741,69.969,-3.6108
144,Chattanooga,SC,28,111.390,109.2240,.5540144,55.322,50.3167,17.2178,14.7313,27.8220,28.1134,29.3286,27.247,57.312,48.7100,35.683,35254,50.83,41.8315,67229,-4.8126
145,Arkansas St.,SB,31,113.164,111.0271,.5538145,51.9123,49.9147,16.3120,14.2330,33.254,29.4189,33169,36.3269,51.6132,48.9113,34.9122,35.1260,44.533,27.14,68.8118,-8.2201
146,Furman,SC,27,109.3116,107.3192,.5538146,52.591,52.2275,16.3120,16.1244,29.3156,26.988,31235,28.271,54.535,53.4307,33.5196,33.4146,47.711,35.399,69.580,-8.4206
147,Wright St.,Horz,28,116.332,114.4340,.5492147,58.32,55349,16.4130,16.4225,28.8178,28.6156,33.3158,30.1111,58.86,54.6337,38.112,37.2347,28.8342,38215,71.526,-8195
148,St. Thomas,Sum,27,108.1143,106.4178,.5442148,54.139,52262,14.736,18.778,23.8323,26.470,30.3251,30.4119,55.127,52.5273,35.399,34.1201,46.222,38.7239,63.7348,-8197
149,Tarleton St.,WAC,25,108.1145,106.5180,.5430149,49.5226,50.4175,17.3188,20.630,30.6117,33.5336,31.3227,37.5289,48.9236,50.3172,33.9178,33.8177,29.8328,36.9163,66.4261,-1.273
150,Tulane,Amer,26,110.4105,108.9232,.5378150,54.533,51207,14.736,17.7128,19.7359,33.3332,46.53,32.7182,55.224,50.9200,35.588,34190,36.1214,42.3324,73.19,-7.4179
151,UNC Asheville,BSth,27,108.8126,107.5199,.5358151,52.875,50.3167,17.6207,16.4225,27.9217,31.3282,43.39,34.3225,50.7157,51.2217,37.522,32.6105,36.4202,36.5145,68.8124,-5.7145
152,Winthrop,BSth,27,107.6154,106.2174,.5356152,52116,49.8140,18.6276,18.586,30.9109,32.7320,51.51,34.5229,53.174,51.2217,33.5196,31.969,38.8143,41.5308,67.6197,-7.1170
153,Sam Houston St.,CUSA,26,104.6206,103.5122,.5322153,48279,50.6184,18.9292,18.875,31.1102,26.884,33.4156,34.6232,45.7334,51.8241,35115,32.5100,35244,40.1275,68.1165,-5132
154,Oregon St.,P12,28,106.2178,105.3155,.5261154,49.7216,50.7187,18.6276,16.9185,26.3269,31271,35.6109,37.3286,50186,52.1256,32.8227,32.389,34.2263,38.4229,65.3307,-6.6158
155,Toledo,MAC,28,112.474,111.7289,.5177155,53.258,55.5353,14.949,18.683,28.8178,28.4146,34.2140,26.127,51.9117,57.1360,37.522,35.2266,28.4346,36.9163,69.394,-5.2138
156,Ohio,MAC,28,110.0109,109.3241,.5172156,52.968,49.8140,14.219,18.586,27.9217,31.9303,33.1164,34.6232,52.883,49.4133,35.495,33.7170,41.279,36.7150,67.3212,-8.1200
157,South Dakota St.,Sum,27,108.1140,107.5200,.5162157,54.928,51.3225,17.1172,16.6213,25.4292,2663,31235,28.979,55.721,49.3127,35.874,35.7297,40.2102,46.3357,68.7129,-7.5182
158,Delaware,CAA,29,106.2180,105.6161,.5146158,52.2105,4997,15.680,15.6282,27.7225,28.7162,32200,27.143,53.468,50.1160,33.3203,31.346,35.8221,36.2131,67.8188,-7.2174
159,Weber St.,BSky,26,108.1144,107.6201,.5118159,52.968,54.3345,14.949,18.3101,23.6325,23.311,37.370,28.876,53.662,55.9355,34.5140,34.3213,39.2131,36.2131,65.6299,-5.1135
160,East Carolina,Amer,27,103.3233,103.1118,.5058160,46.7312,50.4175,16102,19.743,33.450,30.9267,32.1192,31.6150,47.5284,53.4307,30.3323,3136,37190,42.8333,65323,-8.1199
161,Missouri St.,MVC,30,105.9187,105.8166,.5038161,50.3192,48.778,17.2178,12.9356,28.6192,24.825,31.8209,24.917,52.1110,47.558,31.7282,33.8177,37.6171,38.3225,68.3152,-7.1173
162,Colgate,Pat,29,103.7226,103.7126,.4992162,53.258,47.342,16.4130,16.2239,25.1296,25.130,26.2339,24.917,52114,48.285,36.738,30.725,38.9138,39249,66.7251,-3.9113
163,Texas A&M Corpus Chris,Slnd,24,102.6247,102.8112,.4949163,46.3326,48.264,17.8221,19.546,34.728,25.130,37.173,49.3362,46.7307,49.1119,30.3323,3136,29339,36.7150,68.7131,-5.4140
164,Montana,BSky,26,111.785,112.1299,.4916164,53.747,52262,14.219,14.4323,25.9283,25.130,27.9308,35.2245,53.754,50.9200,35.874,36.3324,37.4177,31.730,66.3269,-4.9129
165,Quinnipiac,MAAC,27,106.1181,106.4175,.4915165,50.3192,49.6125,17163,17.2161,31.1102,27.7116,31235,30107,49.4218,48.387,34.5140,34.5228,35.4234,37175,71.825,-4.2121
166,Loyola Marymount,WCC,28,109.0122,109.3241,.4911166,51.8130,49.8140,16.8155,12.4360,29.6149,26.988,30.3251,28.573,49.1230,49.7145,37.129,33.3140,40.2102,30.315,65.5301,-9.7236
167,Bryant,AE,27,99.9287,100.770,.4766167,49.3239,45.57,15.680,17176,20.4357,30.5246,30.1256,35.2245,50.6163,45.114,31.5294,30.828,37.7169,35.399,74.63,-6151
168,Kent St.,MAC,26,106.4172,107.4197,.4741168,51.1157,52262,18.1242,1964,31.298,28.5151,33.2162,34.9240,48.8243,52.8285,36.546,33.9184,39.3126,40.3282,67.3215,-9.1221
169,Utah Valley,WAC,26,99.4299,100.568,.4669169,47.4293,48.159,18.3262,18.586,27.8220,27.5108,36.295,35.6253,49.2225,47.973,28.8347,32.494,29.8328,3591,68.2156,-8.1198
170,La Salle,A10,28,106.5170,107.7204,.4668170,49.5226,51.1213,14.426,15.6282,26.4265,30.4245,26341,32.5174,48.1263,50.3172,34.3151,35.2266,40.987,32.638,67.8184,-8196
171,Wyoming,MWC,26,108.1142,109.4245,.4649171,50.5181,53.5325,19.3311,15.9257,28.8178,29.8212,38.936,27.247,48.9236,54.7340,35.588,34.5228,36.5200,39.9271,67.5203,-6152
172,UC Davis,BW,27,101.6261,102.8113,.4641172,49.9207,49.2105,19.7325,21.420,29171,30.3239,38.740,39.3313,50.9149,49.1119,32.2257,32.9119,37.8165,33.759,67.9180,-7.8190
173,Fordham,A10,28,103.2235,104.5140,.4621173,47.6284,50.7187,18.2256,19.842,3283,27.5108,35.9102,43.9345,47.1296,48.490,32.3251,37.5350,42.155,29.310,69.582,-9.5230
174,Fort Wayne,Horz,28,104.6208,106.0170,.4619174,53.846,51.5239,14.530,22.113,22.9339,30.7257,32200,34.4228,53.565,52.9286,36.161,32.6105,42.948,35.4107,7138,-6.9164
175,Stephen F. Austin,WAC,26,100.7278,102.095,.4611175,49247,4997,22.4357,236,34.431,29.8212,40.617,48359,49.6210,45.215,31.7282,37.1345,31.4309,35.8119,7066,-8.2202
176,Illinois Chicago,MVC,29,102.3250,103.8127,.4609176,51.5140,48.778,18236,17.4149,23.3334,27.9126,25.3348,36.6279,48.7248,49.7145,37.129,31.245,40.987,34.575,68.5142,-11.7283
177,Hawaii,BW,27,105.3194,106.8186,.4599177,52.968,48.882,18.5270,15.8267,25.8287,24.520,38.838,36.3269,5529,49.6142,33.4201,30.932,43.245,25.72,66.4263,-8.3204
178,Rice,Amer,27,107.4157,108.9228,.4595178,50.3192,52.2275,17.7214,15305,29.6149,28.9171,29.9265,27.656,50.7157,50.2168,33.1213,36.9340,40.1105,38.3225,66.2273,-9.8239
179,Fairfield,MAAC,28,108.3135,109.9251,.4574179,52.495,51.7249,16.2114,20.335,28.7182,31.1274,28.6294,26.328,49.3220,53.1291,37.916,32.9119,41.279,36.9163,68.7133,-7169
180,Gardner Webb,BSth,27,104.5209,106.1172,.4566180,49.4237,50.5179,15.787,16250,27.7225,27.2102,36.488,40.4324,47.7279,50.2168,35115,34190,35.2239,33.656,7061,-8.9217
181,Stony Brook,CAA,29,106.4175,108.0212,.4559181,49.8211,50.7187,15.575,15.5286,27250,29.4189,29.4283,27.863,49233,49.3127,34.1167,35254,36.9193,42.9338,68.1169,-7.5181
182,Eastern Kentucky,ASun,27,108.4131,110.1256,.4557182,50.7170,50.1154,16102,14337,32.763,30.7257,32.1192,29.388,48.7248,45.930,36.642,38.8359,33.8274,33.862,69.1104,-7.9194
183,Columbia,Ivy,22,108.1141,109.9253,.4535183,52.778,51.6244,17.9228,17.1168,27.7225,28.1134,28.7293,30107,50186,53.1291,3814,33123,39134,42.2322,68.8120,-7.9192
184,Illinois St.,MVC,29,102.8243,104.6141,.4504184,47.4293,51207,17.2178,16.7202,29.3156,25.648,3776,27.760,50186,52.3265,28.6349,32.7111,37.4177,39.1252,64.3339,-7.7188
185,Georgetown,BE,28,109.9110,111.9294,.4480185,48.2270,55.3351,17.9228,16.4225,33.352,30.5246,34.3138,31.4142,46.4321,56.7359,33.9178,35.3275,41.279,37.9211,67.1225,-7.9191
186,Temple,Amer,27,103.0237,105.0148,.4454186,44.8349,50.1154,14.530,17.6133,29.8138,30.3239,31.6219,35.8257,44.6346,50.7191,30.1327,32.8113,43.342,38.4229,67.2217,-10246
187,UTEP,CUSA,26,98.4309,100.465,.4417187,47.2298,52.1269,20.8341,26.31,28.5197,31.7296,43.39,47356,48.4257,53.4307,29.8335,33123,31.7303,33.250,70.355,-10248
188,Little Rock,OVC,30,107.1162,109.3243,.4415188,52.3101,48.573,17.6207,17.5141,32.668,30.2233,34.4135,36.2266,53.174,48.592,33.7185,32.281,31.6304,37175,69.489,-8.5207
189,Jacksonville St.,CUSA,26,102.2254,104.4137,.4367189,48.2270,49.5123,20.5337,18.3101,3439,25.753,36.781,34.3225,48.6253,49.2123,31.5294,33.4146,28351,36.1127,64.9325,-10247
190,Rhode Island,A10,27,108.7128,111.3280,.4331190,52116,53305,18.6276,13.2350,29.3156,28.5151,37.467,29.9103,51.2145,52.4269,35.971,36311,32.5293,39.3259,69.1101,-9.1222
191,Long Beach St.,BW,27,106.0184,108.5218,.4325191,49.5226,50.9198,17.7214,19.256,32.570,30.5246,38.347,32.6177,50.3174,49.7145,31.7282,35254,28.3347,45.3352,72.217,-5.8146
192,Saint Louis,A10,27,110.4106,113.0319,.4316192,50.6177,53.6330,17.4196,14.1334,25.9283,28.4146,36.684,34.7235,48.1263,53.9321,36.546,35.5284,37.5173,42.3324,69.875,-9.9245
193,Northern Kentucky,Horz,28,102.8244,105.4156,.4286193,50.1203,50.6184,17.8221,20.335,30.4121,32.3312,36.295,27.450,51.9117,54.3331,31305,30.520,33.3282,42.7332,67.9177,-7.6186
194,Monmouth,CAA,30,105.2196,107.9210,.4270194,49247,49.7132,15.470,17.8125,30.1131,32.7320,30260,33.2198,46.7307,48.695,35.399,34190,36.2207,42.8333,68.2155,-7.4177
195,Harvard,Ivy,24,102.8241,105.5158,.4260195,50.4188,49.5123,17.7214,16250,26.5262,31.9303,37.272,26.430,50.4170,48.9113,33.7185,33.5152,39.3126,41.4305,67.6199,-5.7144
196,Radford,BSth,28,109.1120,112.0298,.4255196,51.9123,51.2219,16.3120,15.8267,29.2164,33.1328,27.6319,33192,50.3174,52.4269,36.642,32.8113,34.9249,39.4261,64346,-9.1220
197,Merrimack,NEC,27,96.8329,99.347,.4250197,49.8211,45.912,19.2305,23.75,22.7342,34.9352,35.5111,33.2198,52.692,45.521,30.6315,31.346,41.472,31.730,67.7192,-5.6142
198,Penn,Ivy,25,108.2139,111.2275,.4235198,51.2153,53.5325,17163,14.3328,29.5153,26.267,26.8334,25.923,49.5212,53.9321,35.588,35.3275,43.637,44.2347,65.6298,-10.1250
199,Marist,MAAC,26,97.5322,100.256,.4223199,50.8168,46.424,18.1242,21.420,23.1336,27.7116,28.6294,36.4272,49.2225,46.133,35.779,31.346,36.2207,38.7239,65.1318,-7.1171
200,Louisville,ACC,28,106.0185,108.9231,.4215200,48279,54.2344,17.9228,16.1244,29171,28.1134,4023,31.3137,49.4218,53.5314,30330,36.8338,30.8316,39.2255,69.874,-9.4229
201,Northeastern,CAA,30,106.9166,109.9251,.4205201,51.7133,53.7332,19.2305,16.9185,32.180,27.8121,30.4249,27.966,53.754,52.6277,32.1260,37343,36.2207,39.1252,65.9288,-12290
202,Northern Colorado,BSky,27,109.3117,112.4306,.4186202,55.124,53305,15.575,15.7271,24.4311,25.442,28.6294,29.592,5617,52.2261,35.874,36.1317,36.4202,40.5288,70.159,-7.9193
203,Vanderbilt,SEC,28,104.2213,107.3193,.4182203,45.4340,52.7292,15.787,15.9257,28213,29178,3699,29.9103,47.2291,50.2168,28.5352,37.7352,41.182,39.6265,66285,-8.8214
204,East Tennessee St.,SC,28,103.0240,106.1171,.4154204,46.4322,51.1213,18236,18.2104,34.629,29.6200,32.4190,35.6253,47.6283,50.9200,29.8335,34.3213,41.376,38.6236,66.8245,-8.9215
205,Iona,MAAC,28,104.4211,107.6202,.4122205,49.6221,53305,15.158,22.510,29.3156,31271,30.3251,39.7316,47.9274,53.9321,35115,34.4221,37.9162,40.1275,68173,-10.5257
206,Longwood,BSth,27,104.1219,107.4196,.4109206,49247,51.8253,18236,19.546,36.712,25.340,39.331,36.3269,48.8243,51.2217,33219,35.1260,28.7344,37.9211,67.5206,-8.8211
207,UMKC,Sum,27,102.3251,105.7164,.4060207,49.7216,51.6244,18236,17.2161,31.298,25.753,29.4283,46.4354,48.8243,52.9286,33.9178,32.8113,43.440,36.3138,66.9236,-9.9242
208,Lipscomb,ASun,29,111.389,115.1345,.4059208,56.411,53.4323,14.426,16.1244,23337,29.4189,27.7315,22.96,55.920,53.1291,38.211,36311,39.8113,36.4142,69.679,-5.9149
209,Saint Peter's,MAAC,25,98.1314,101.481,.4055209,44.7350,47.849,19.6320,21.518,34.629,28.9171,37.760,43.6344,42.7357,47.253,32.5240,32.5100,32.6290,35.7116,64.4338,-6.9167
210,Wofford,SC,27,107.9151,111.8291,.4001210,53.944,51.8253,17.1172,14337,29.3156,26.470,28.1305,34.7235,53.754,50.5181,36.161,35.8301,45.523,42.1317,66282,-7.5183
211,South Alabama,SB,28,105.1199,108.9229,.3985211,51.5140,50.5179,16.5141,16.3233,22.8340,31.7296,30.9239,34.2220,50.6163,52.2261,35.399,31.655,36.5200,35.9123,68.1163,-9.6233
212,Brown,Ivy,26,103.5231,107.3194,.3982212,48.3266,51.2219,18.3262,16.8194,32.275,27.2102,33.7151,32.8185,47.9274,51.9246,32.6235,33.3140,40.399,37.9211,67232,-11.5277
213,Cal Baptist,WAC,26,103.0237,106.9189,.3951213,47.2298,49.2105,17.2178,15.6282,32.570,24.825,37.565,31.9159,46328,48.183,32.8227,34.8244,36.2207,25.61,64.3340,-9.7237
214,Mount St. Mary's,MAAC,29,102.8245,106.8183,.3917214,52116,48.674,20.5337,18116,30.6117,27.9126,27332,30.6125,52.883,4749,33.6191,34.5228,33.2283,34.268,68.7130,-12.5299
215,Cleveland St.,Horz,29,107.3159,111.5286,.3910215,49.3239,51.8253,14.846,19.353,34.138,35.7358,30.9239,38.9307,48.8243,54.5333,33.6191,31.655,31.5307,37.8206,67.6198,-7.8189
216,Abilene Christian,WAC,27,101.5262,105.5157,.3909216,46.5317,52.1269,17.3188,20.728,26281,30.3239,38.838,41.3331,44.8345,53.3302,34.3151,33123,25.8358,31.325,69111,-9.5231
217,San Jose St.,MWC,28,106.8167,111.0273,.3908217,51.9123,54.1339,15.575,15.9257,22.8340,30.3239,22.9358,35.9260,51.5136,52.1256,35115,38.5358,42.551,34.575,66281,-11.8284
218,UC Santa Barbara,BW,25,106.3176,110.6266,.3877218,53.355,50.2163,18.9292,14337,26.2272,25.544,39.233,30.8129,53.754,52252,34.9122,3136,29.6332,33.250,67.5202,-7.7187
219,George Washington,A10,27,106.4173,110.8268,.3873219,50.9161,49.9147,17163,14.4323,26.2272,29.6200,34.1143,23.610,50.1184,48.8107,34.8126,34.4221,41.376,39.2255,71.229,-7.6185
220,Rider,MAAC,28,105.1198,109.4244,.3858220,48.3266,50.3167,17.8221,15.4289,31.493,28129,30.6244,36.4272,47.1296,49.1119,34.3151,34.8244,28.2350,39249,68.2157,-9.9243
221,Evansville,MVC,29,102.7246,107.0190,.3836221,50.9161,53305,16.6147,17.1168,21.3354,25.857,29.8270,26.938,50.1184,51.9246,35115,36.2319,34.1266,43.3341,69.1100,-7.5184
222,Tulsa,Amer,27,101.2270,105.6159,.3814222,50205,49.8140,18.6276,18.495,24.8303,30.1229,39.924,33.2198,51.8121,50.1160,31.5294,32.9119,40.694,38.8244,70.944,-8.3203
223,Fresno St.,MWC,27,104.2216,108.7224,.3796223,52.686,52.9301,19.1302,15.7271,25.1296,30.2233,29.8270,27.551,53.950,51.8241,33.7185,36.6334,38.3149,36.2131,65.9291,-9218
224,Georgia St.,SB,28,105.0201,109.7248,.3784224,48.4262,4997,13.78,14.2330,27.1243,30.3239,28.4301,36.4272,48.9236,51.6231,31.6288,3015,35.5227,38.4229,68.2154,-10.2253
225,Mercer,SC,27,103.5230,108.1215,.3774225,49.5226,51.4228,17163,18.1110,31.1102,30.5246,27.1330,41329,48.5255,51.1211,34.6138,34.6235,30.3323,36.5145,66.4260,-10.6261
226,Pepperdine,WCC,29,107.5156,112.3303,.3767226,50.5181,56.2360,16102,16.6213,28213,25.753,32.4190,33.8215,49.1230,55.1346,35.683,39360,32.5293,31.224,67.8183,-10.9266
227,Montana St.,BSky,26,101.8257,106.4177,.3755227,52.591,52262,17.2178,18.969,20358,29.1184,31.7215,38.3300,52.499,53.9321,35.1111,32.389,40.694,3591,68.5141,-12291
228,Texas St.,SB,28,98.4308,103.0117,.3715228,46.3326,49.7132,19.8326,17.9121,30.8111,28.6156,35.3115,37.4288,46.2323,50.9200,31305,31.655,24.6361,35.4107,66.7252,-9.8240
229,Southern,SWAC,24,99.5296,104.3134,.3697229,49.9207,51.5239,19299,22.78,25.2293,31.9303,34.5133,45.5351,50.5169,53.2298,32.6235,32.5100,37.9162,36.9163,68.9114,-5.1134
230,North Dakota,Sum,27,105.3195,110.3261,.3685230,49.5226,52.2275,15.366,15.1302,31.1102,26.470,33.1164,30.1111,50.7157,51.8241,31.9267,35.4279,41.763,34.474,66.8243,-8.8213
231,Miami OH,MAC,26,103.1236,108.1214,.3669231,52.495,49.3113,17.2178,17.3154,21.8350,30.8263,31.9205,32.6177,49.5212,50.1160,37.719,31.969,40109,36.9163,67.2220,-9.4228
232,UC Riverside,BW,27,103.6227,108.7220,.3665232,45.7336,51.8253,14.949,15.3294,29.7146,25.130,27.2326,34.8237,44.3347,51.5229,31.7282,35254,42.353,33.964,66.9237,-9.8238
233,Stetson,ASun,28,108.0146,113.4327,.3651233,52.591,52.4282,16.4130,13.7341,28213,30.2233,29.7275,24.414,51.8121,52.1256,35.683,35.2266,41.958,37.8206,66.1277,-6.6157
234,Air Force,MWC,27,107.2160,112.5309,.3650234,5442,53.7332,19299,18116,24.7305,31.4288,30.6244,38.4301,53.468,52.5273,36.546,37.3348,46.519,37175,62.3358,-11272
235,Tennessee Martin,OVC,26,105.1197,110.4262,.3628235,50.6177,48.882,15.366,13355,26.9255,25.960,32200,24.113,48.1263,49.2123,36.546,32.281,38157,40.4284,72.813,-5.8148
236,North Florida,ASun,28,106.6168,112.0296,.3624236,53.258,52.4282,16.4130,14.8310,23.4333,29.9217,28306,33.6209,52.980,51.9246,35.779,35.6291,55.51,30.315,67.3216,-10249
237,Florida Gulf Coast,ASun,28,104.2215,109.6247,.3586237,52.1109,53.1313,17.4196,15.7271,29.7146,28129,27.2326,2981,50.9149,52.9286,36.258,35.6291,37.2185,42.8333,64.2341,-11.9289
238,Bowling Green,MAC,27,102.4249,107.9209,.3546238,48.1276,51.2219,16.3120,15.9257,30.3124,25.960,35.9102,27.656,50.4170,49.2123,29.2341,36.7336,34.9249,34.268,68.1161,-8.4205
239,Green Bay,Horz,28,103.5229,109.1237,.3533239,52.3101,48.992,18.6276,14.1334,27.8220,27.8121,29.2289,33.2198,53.754,51.1211,33.9178,29.913,48.19,36125,63.3353,-6.9165
240,Cal St. Fullerton,BW,27,99.6295,105.0146,.3524240,47.2298,49.6125,18.5270,18.495,24.8303,29.8212,3934,34.9240,46.5316,50.8196,32.2257,31.864,36216,38.7239,66.2272,-9.7235
241,Southern Miss,SB,28,101.8258,107.4198,.3506241,48.7256,50.7187,18.2256,17.3154,29.2164,30223,38.544,33192,47.1296,48.8107,34.5140,36.1317,33.9272,35.399,67.9181,-8.9216
242,Lamar,Slnd,26,103.8224,109.7249,.3471242,50.9161,49.7132,17.7214,19.450,32.570,32.2311,32.9175,40.2320,49.5212,4881,35.779,34.7236,34.6255,41.3301,69.585,-9.1223
243,North Carolina Central,MEAC,22,103.0239,109.0234,.3440243,49.1245,48.882,17.6207,18116,29.8138,31.8300,39.728,37.7292,49.9194,52252,31.8276,297,37.9162,37.6200,67230,-7.4178
244,Austin Peay,ASun,28,107.6153,113.9333,.3438244,50.3192,52.5287,13.812,16.9185,30.1131,32306,30.8241,36.2266,47.7279,54.1328,36.642,33.1128,36.1214,36.9163,64.2342,-9.2224
245,North Dakota St.,Sum,27,104.9203,111.0272,.3426245,5364,53.1313,16.4130,13.2350,24.5309,24.622,31.1232,29.7100,51.3142,52.5273,37.522,36.2319,35.4234,34.575,66.1274,-9.8241
246,Cal St. Bakersfield,BW,27,100.7275,106.6182,.3419246,46.4322,49.7132,18.3262,18.969,33.254,32.5318,32.9175,46.1353,46.5316,49.2123,30.7313,33.6161,26.2356,36.4142,64.9328,-11.6280
247,Marshall,SB,30,100.9274,106.9188,.3401247,46.6314,51.4228,16.5141,16.4225,29.8138,27.5108,29.4283,29.694,47.4287,50.3172,30.4320,35.6291,41.567,35.6111,7140,-12.9307
248,Norfolk St.,MEAC,24,102.2252,108.4217,.3376248,48.2270,49.6125,18.9292,2215,30.7114,32.4317,43.98,44.3347,48268,48.8107,32.5240,33.6161,32.1300,46.6359,66.7253,-4.9128
249,Idaho St.,BSky,27,103.9221,110.3258,.3355249,51.6137,53.4323,17.4196,18.2104,30.3124,27.7116,34.1143,34.3225,53.372,53.4307,32.3251,35.6291,36.3205,28.88,64.1343,-12.6304
250,Maine,AE,28,96.7330,102.6107,.3349250,48.3266,50151,17163,19.353,22.3348,27.2102,29.9265,32.6177,49.5212,51.3224,30.5319,31.551,32.3297,33.759,66.2271,-10.9265
251,Western Illinois,OVC,26,99.6293,105.7165,.3349251,46.9308,46.931,20.1334,14.5318,37.210,28.4146,34.5133,26.328,46.3322,47.253,32.2257,30.932,30.5319,31.426,64.5335,-6.8162
252,Canisius,MAAC,26,102.2253,108.7221,.3304252,49.9207,50.9198,19.1302,16250,32.180,29178,29.8270,28.876,49.3220,51.2217,34.1167,33.5152,36216,32.133,67.8189,-10.2252
253,UTSA,Amer,28,108.2138,115.1346,.3300253,48.4262,52.4282,15.787,13.4345,32.374,29.2185,35.1117,36263,47.2291,50.6184,33.2208,36.9340,44.827,37.6200,7142,-13309
254,Cal St. Northridge,BW,28,100.4283,106.8184,.3294254,48.8252,48.366,19.4313,18.1110,31.984,26.884,39.629,38.1296,50.3174,47.664,29.7337,32.8113,26.7354,44.8350,7310,-7.5180
255,Southern Utah,WAC,26,105.8189,112.6310,.3290255,48.3266,52.3279,16.7150,17176,27.8220,33.7340,36.880,32.3169,50.9149,52.7282,28.8347,34.1201,34.5256,27.45,7067,-13.3313
256,Portland St.,BSky,26,99.9286,106.5179,.3263256,47.2298,51.4228,16.2114,18.1110,28.4200,29.5195,33.4156,33.5206,45.7334,50.4176,33.1213,35.4279,38.1155,37.2183,69.1103,-8.7210
257,Albany,AE,28,104.5210,111.3282,.3249257,50.7170,51.4228,17.9228,17.2161,30.3124,29.6200,29.8270,38.4301,51.3142,54.7340,33.1213,297,37.4177,29.512,745,-11268
258,Ball St.,MAC,26,104.0220,110.8269,.3241258,51.3147,51.4228,18.5270,15.9257,27.5231,27.197,37.467,2981,48.6253,50.8196,37.129,35.1260,38157,35.399,66.6256,-10.4255
259,UMBC,AE,29,106.0183,113.0320,.3233259,5364,50.2163,17.8221,14.5318,26.3269,30.8263,24.1356,27.760,52.883,52.3265,35.588,31.140,35.2239,36.3138,73.57,-14.5324
260,Milwaukee,Horz,28,106.0182,113.2325,.3211260,50.7170,50.4175,18.7287,15.7271,36.219,34.3347,32.8178,33192,51.7129,50156,32.9222,34190,40.890,37.6200,69.396,-9219
261,San Diego,WCC,28,101.9256,108.7226,.3207261,49.5226,52.9301,18.5270,17.5141,26.9255,31.3282,31.8209,36.9282,48.1263,54326,34.8126,34.3213,33.9272,40.2279,71.231,-6.8163
262,Queens,ASun,29,105.5193,112.7314,.3172262,50.4188,54.1339,15.894,15.4289,27.1243,29.9217,34147,29.694,50.9149,55.6351,33.1213,34.3213,40.890,36.5145,73.28,-12.1294
263,Niagara,MAAC,26,103.3234,110.5264,.3144263,51.9123,51.8253,17163,16250,23.6325,27.197,36.585,30.4119,50.7157,51.9246,36.451,34.4221,30.5319,27.77,67.9179,-9.2225
264,Central Connecticut,NEC,26,100.7277,107.8206,.3142264,50205,49.4118,17.1172,17.6133,28213,26.778,33.3158,26.735,50.7157,47.973,32.6235,34.8244,35244,35.297,67.2221,-6.7161
265,Lehigh,Pat,26,100.4279,107.7205,.3090265,49.5226,51.5239,17.1172,17.6133,22.6345,23.512,34.2140,29.592,50.6163,50.1160,31.7282,36311,37190,37.1180,70.552,-11.7282
266,Nebraska Omaha,Sum,27,104.7204,112.3304,.3086266,49.5226,53.5325,14.426,16250,24.6308,26.778,40.121,32.8185,50.2181,53.4307,32.1260,35.8301,32.9288,42.3324,67.6194,-12.2296
267,American,Pat,29,104.2214,112.1300,.3024267,5364,53305,17.5204,17.1168,27.5231,25.130,27.8311,29.388,52.788,51.7235,35.683,36.4326,44.925,42.5328,63.3355,-10.1251
268,Denver,Sum,26,109.6112,118.0358,.2985268,52.778,55.2350,14.323,14.2330,28.5197,28.2140,37.467,31.8156,51.4139,54.9345,36.451,37.1345,39.7114,34.679,71.132,-10.5258
269,Nicholls St.,Slnd,25,102.8242,110.9270,.2957269,50.7170,50.1154,18.8291,16.2239,27.1243,32.8323,37.955,38.1296,47.9274,51.5229,36.837,31.655,39.3126,35.9123,66.7254,-6.6159
270,Kennesaw St.,ASun,27,104.7205,113.0317,.2945270,51.4142,52.8296,16102,17.6133,29.8138,30.5246,35.9102,42.8338,5378,51.6231,32.8227,36.4326,42.948,39.5262,74.44,-11269
271,Middle Tennessee,CUSA,26,98.1315,106.0168,.2909271,46.3326,48.882,21.4351,15.7271,29.9134,30.6254,33.6154,29.694,46.6313,48.9113,30.6315,32.5100,4257,29.19,65.2316,-11.2275
272,Utah Tech,WAC,27,99.9289,108.1213,.2883272,50.2199,50.3167,21.7355,18.495,27.8220,32.3312,39.827,42.9340,49.7202,50.2168,34172,33.6161,34.9249,37.3189,70.256,-12.1293
273,Central Michigan,MAC,27,95.8339,103.6123,.2872273,47.3297,4856,18236,17176,27.4235,29.9217,27.7315,30.4119,48.3259,48.695,30.4320,31.551,35.1242,41.3301,66.3266,-6.2154
274,Oral Roberts,Sum,25,103.9222,112.5308,.2870274,51.4142,51.1213,14.115,14.4323,20.7355,31.4288,26.3337,32.4170,49.3220,49.4133,36.357,35.9305,40.987,38.3225,68.5145,-11.7281
275,New Hampshire,AE,26,99.7291,108.0211,.2862275,48.4262,49.9147,16.7150,15.7271,23.9316,26.470,29.9265,25.119,48.4257,53.4307,32.3251,29.59,43.440,38.1217,71.230,-6.6160
276,North Alabama,ASun,28,104.9202,113.6332,.2851276,49.5226,51.4228,14.736,14.4323,27.2240,27.9126,33.1164,41.5334,48.1263,50.5181,34.8126,35.3275,34.7253,35.195,68.2159,-10.9267
277,Binghamton,AE,25,102.6248,111.3281,.2818277,48.6259,50.3167,17.5204,13.3349,29.6149,25.544,33.3158,35242,50.8155,48.7100,28.9345,35.2266,29.9326,38215,66.8247,-9.4227
278,Howard,MEAC,26,105.1200,114.0335,.2815278,52116,51.3225,21.6352,17.1168,32.763,31271,4115,38.6305,49.8197,51.2217,36.933,34.3213,38.7144,35.399,68.6139,-11270
279,Georgia Southern,SB,31,105.8191,114.8343,.2812279,51.1157,52.5287,18.9292,17.3154,28.4200,34.3347,29.5280,42.8338,49.8197,51.7235,35.1111,35.9305,45.324,37.3189,69107,-16.7339
280,USC Upstate,BSth,26,101.3267,110.1254,.2775280,49.7216,52.9301,16.4130,18.875,24.1315,33.8342,29.3286,45.4350,50186,53.8318,32.8227,34.1201,39.9111,36.2131,67.1224,-13.6317
281,Bucknell,Pat,30,99.7292,108.7223,.2706281,50.7170,50.1154,19.4313,16.6213,25302,28.5151,28.6294,30.9132,49.9194,50.1160,34.5140,33.5152,44.631,41.4305,65.2315,-13.3312
282,SIU Edwardsville,OVC,27,101.0273,110.2257,.2686282,47.8281,51207,15.575,17.5141,29.5153,28.4146,32.8178,37283,46.5316,48.7100,33.2208,36.5330,37.3182,37.2183,67234,-9.9244
283,Texas Southern,SWAC,25,96.4333,105.2151,.2681283,45.4340,48.778,18.5270,18.2104,29.4155,30.2233,31.9205,39.3313,45.6336,4881,30330,33.2134,38.1155,36.9163,67.8186,-8.5208
284,The Citadel,SC,27,101.2269,110.6265,.2664284,50.5181,52.9301,18.1242,16.2239,27.2240,2795,33.1164,20.53,51.1148,53.6316,32.9222,34.5228,33.7276,39.9271,65.3313,-13.9318
285,Southeastern Louisiana,Slnd,25,100.7275,110.1255,.2644285,48.6259,51.1213,20.9344,17.2161,31.591,30.7257,34.2140,30.4119,46.7307,51.7235,34.4147,33.6161,38.7144,44.1346,64.6331,-8.7209
286,Presbyterian,BSth,27,103.4232,113.1322,.2634286,51.9123,52.8296,17163,17.5141,26.2272,28.5151,3852,44.3347,52.594,53.1291,33.7185,34.9250,33.5277,35.5110,67.6196,-12.6302
287,Portland,WCC,28,103.9223,113.6331,.2628287,50.2199,55.5353,17.4196,13.4345,23.3334,29.2185,32.8178,23.911,50.3174,54.1328,33.3203,38.1356,43.637,45.8355,68.8122,-12.6301
288,FIU,CUSA,27,101.2272,110.7267,.2618288,49247,56.1359,19.1302,24.94,28.3206,36.9360,27.9308,37.7292,49.7202,53.1291,32263,40.7362,41.472,37.3189,70.748,-13.5315
289,Jackson St.,SWAC,27,99.9288,109.4246,.2592289,47304,51.9260,19.5319,1964,33.450,31.8300,34.8127,35.7255,45.6336,52.4269,33219,34190,34.1266,39249,69.583,-9.5232
290,Alcorn St.,SWAC,26,105.6192,115.7349,.2590290,48.2270,55.5353,16.9160,18116,32.763,31.2277,36.488,36.4272,47301,54.5333,34.3151,37.7352,25.8358,46.8360,66.9235,-10.3254
291,New Mexico St.,CUSA,25,99.4298,108.9233,.2585291,46.5317,51207,18.1242,16.7202,25.2293,30.9267,32.8178,45.6352,46.7307,49.8151,30.6315,35254,34.3261,43340,66.5258,-11.4276
292,Idaho,BSky,27,101.3265,111.2276,.2554292,50.3192,53.5325,17.1172,16.6213,23.6325,28.1134,27.2326,36.7280,50.3174,53.4307,33.6191,35.9305,40.596,38.4229,65.2317,-13.5316
293,Valparaiso,MVC,29,100.4282,110.3259,.2528293,46.3326,54.1339,16.1109,17.5141,25.1296,31.3282,23.9357,31.6150,45343,54.4332,32.5240,35.7297,35.8221,34.882,68170,-16.2333
294,Sacred Heart,NEC,28,101.6260,111.7288,.2520294,51.3147,51.3225,17.2178,20.335,25.5290,33.1328,31.4224,32.4170,49.9194,50.6184,35.971,34.8244,34.5256,41.3301,69.581,-11.5278
295,Louisiana Monroe,SB,27,101.2271,111.3278,.2518295,45.1346,52.3279,18.6276,16.9185,34.332,29.5195,38.347,37.3286,45.9330,51.8241,28.6349,35.2266,28.9340,45.3352,67.1226,-11.8286
296,South Carolina St.,MEAC,26,100.4284,110.4262,.2506296,46332,52.7292,20.8341,2125,36.712,30223,36.394,48.8361,45.2340,54326,32263,33.8177,31.1313,39.7266,69.490,-10.9264
297,Campbell,CAA,27,101.7259,112.0297,.2487297,52116,52262,18.3262,16.7202,24.4311,31.2277,33.7151,24.615,52.3102,52.6277,34.3151,34.2208,37.8165,43.6343,66.8246,-12.5298
298,Old Dominion,SB,30,98.5306,108.6219,.2453298,47.5289,51.4228,14.736,18.2104,24.7305,31.1274,26.7335,38.5303,47.3288,50.1160,31.9267,35.4279,35.2239,42.6329,70.160,-17.8349
299,Tennessee St.,OVC,26,98.5305,108.7222,.2443299,48.7256,48.992,19.9329,18.495,28.3206,31.6294,37.856,44.3347,49.7202,48.490,31.4300,33.2134,36216,33.656,68.4146,-9.3226
300,Boston University,Pat,29,97.6321,107.8207,.2415300,47304,50.1154,17.9228,17.4149,26.7258,22.61,29.6277,36.4272,46.7307,48.695,31.6288,34.8244,40.399,41294,65.9287,-12.6306
301,Grambling St.,SWAC,24,97.4323,107.6203,.2406301,47.4293,50.9198,20.7340,19.450,28.7182,33.2330,36.488,35.4251,46.8306,50156,32.4245,35.2266,29.7330,33.353,65.2314,-7168
302,Chicago St.,ind,27,98.1313,108.9230,.2309302,45.7336,53305,20.5337,21.518,32.275,35.7358,38.936,36.4272,46.1325,55.3348,29.9334,32.5100,34.2263,35.399,65.4304,-12292
303,Bellarmine,ASun,28,101.3264,112.6311,.2291303,49247,53.9336,14.530,14.6316,21.8350,29.4189,21.4361,31.9159,48.3259,55.1346,33.6191,35254,37.3182,44.4348,65.3308,-16.9340
304,Wagner,NEC,25,97.2325,108.1216,.2268304,44.5351,49.3113,15.997,17.4149,29.1169,28129,27.1330,31.3137,41.9359,51.7235,32.3251,30.623,39134,40.2279,61.9360,-10.7263
305,DePaul,BE,28,100.4285,111.9292,.2226305,47.7283,55.9357,20.1334,14.8310,22.1349,32.9324,35.1117,30.1111,46.9303,55.7353,32.8227,37.5350,34.2263,40.4284,68.2153,-12.6303
306,Elon,CAA,28,103.6228,115.6348,.2201306,50.9161,53.5325,17.6207,15.7271,28.7182,33.3332,32.8178,29.694,48.7248,54.8343,35.971,34.5228,42.948,40.4284,68175,-11.6279
307,Delaware St.,MEAC,25,94.8345,106.0169,.2177307,46332,51.7249,21.1346,21.322,32.275,29.3188,37.856,35.8257,46328,49.4133,30.7313,36.8338,25.1360,39.7266,69.492,-11.2273
308,South Dakota,Sum,27,103.8225,116.1351,.2158308,51.9123,52.7292,18.3262,12361,28.4200,28.9171,31.1232,27.656,49.5212,51.9246,37.719,36311,34.3261,37.9211,69.297,-14.2322
309,Robert Morris,Horz,28,102.0255,114.1337,.2158309,50.3192,53305,19.8326,16.1244,33.743,30.1229,29.2289,37.6290,50.2181,54.1328,33.7185,34190,41.958,34.882,67.5207,-15.2328
310,Northern Illinois,MAC,26,101.3268,113.3326,.2154310,49.6221,53.3320,18.1242,14.2330,27.1243,31.4288,35.9102,34218,49.8197,52.3265,32.9222,36.9340,38.4148,34.882,68.6138,-12.2295
311,Le Moyne,NEC,26,100.4280,112.7315,.2091311,49.7216,51.4228,16.3120,17.7128,23.5329,30.5246,24.8350,27.551,49.3220,52.1256,33.5196,33.6161,47.217,43.6343,68174,-12.6300
312,Northwestern St.,Slnd,26,99.2301,111.4285,.2084312,48.5261,52.8296,19.6320,18.778,28.7182,34.7350,36.781,40.2320,49233,54.6337,31.8276,33.2134,36.7195,36.7150,68.1162,-14.1320
313,Eastern Illinois,OVC,27,97.1327,109.2239,.2068313,45348,52.1269,15.680,19.743,27.3238,27.7116,27.6319,37.9295,43.5354,51209,32.3251,35.9305,29.5334,37.3189,66.9240,-11.8285
314,Jacksonville,ASun,27,97.0328,109.2238,.2048314,48.2270,51.8253,19.6320,17.7128,33.941,30.5246,34.7128,41.3331,47.9274,51.1211,32.5240,35.3275,33.4280,41.6310,66.4262,-11271
315,Northern Arizona,BSky,30,99.3300,111.7290,.2047315,49.5226,52.6290,18.1242,17.5141,23.9316,32.1310,31.3227,38.9307,50.9149,54.8343,31.4300,32.281,35.5227,34.679,68.8119,-10.5256
316,Lafayette,Pat,29,95.1344,107.1191,.2031316,47.2298,48.159,17.6207,17176,23.9316,29178,24.2355,32.2167,46.9303,46.338,31.8276,34190,39.6116,38.2220,65.6299,-14.7326
317,Bethune Cookman,SWAC,26,99.6294,112.2302,.2029317,47.6284,50.8193,19.9329,21.916,29.9134,34.1344,38.641,48.7360,48268,49.7145,31305,35.1260,30.2324,36.6149,69.972,-10.5259
318,Coastal Carolina,SB,27,99.8290,112.4307,.2021318,49.3239,50.3167,18.7287,12.9356,29.3156,30.7257,32.1192,29.388,50186,50.8196,31.8276,33.3140,32.8289,47.6361,69.491,-16.5337
319,Alabama St.,SWAC,25,93.0351,104.9143,.2012319,41.2361,49.2105,16.4130,19.645,31.789,28.6156,29.5280,44.2346,41.3360,48.695,27.3357,33.3140,37.4177,41.7312,68.2160,-10.6262
320,Charleston Southern,BSth,25,96.0338,108.8227,.1911320,45.3342,51.4228,18236,13.4345,27.3238,29.7205,31.4224,33.8215,44352,52.6277,31.7282,32.6105,35.5227,31.426,66.9241,-11.9287
321,Western Michigan,MAC,27,98.2311,111.4283,.1901321,48.7256,51.2219,19.9329,16.3233,33.646,29.7205,31.5222,32163,48268,50.9200,33.2208,34.4221,39.4123,38.9245,68.8123,-13.2311
322,William & Mary,CAA,28,99.2302,113.1324,.1815322,48.1276,53.1313,16.7150,14.7313,27250,29178,32.6187,35.7255,48.9236,53.3302,31.5294,35.1260,47.217,37.2183,66.1279,-17.5348
323,Southern Indiana,OVC,27,97.9317,111.9294,.1776323,45.7336,49.6125,19.4313,16.4225,27.1243,28.2140,37.173,47.7358,44.1351,49.3127,32.4245,33.3140,35.7223,37.5198,69.586,-16.9342
324,Hampton,CAA,27,98.6303,113.0318,.1724324,47.6284,51.7249,18.2256,14.8310,28.1212,32.3312,29.9265,29.694,47.7279,52.5273,31.6288,33.6161,38.9138,38.2220,7062,-17.9350
325,NJIT,AE,26,97.8318,112.7312,.1651325,44.3354,51.8253,16.5141,16.8194,28.6192,33.7340,31.8209,40319,44.3347,51.7235,29.5338,34.7236,39.3126,35.195,66.3267,-15.3330
326,Sacramento St.,BSky,27,97.3324,112.1301,.1644326,47.5289,54.6347,23.3360,14.7313,35.225,25.236,31.7215,33.3204,48.8243,54.7340,30.4320,36.4326,40.498,37.1180,63.6350,-17343
327,Eastern Michigan,MAC,26,98.5304,113.5330,.1634327,48.8252,53.2316,17163,15.5286,27.6230,30.8263,25.9343,32.5174,49.2225,55.5350,31.9267,33.1128,32.3297,39.2255,66.1278,-12.2297
328,UT Rio Grande Valley,WAC,26,96.6332,111.4284,.1622328,45.2344,52.6290,19.4313,19.256,25.2293,34.2346,42.513,35242,45.8332,53.6316,29.2341,33.7170,29.5334,32.741,71.924,-16.2334
329,Arkansas Pine Bluff,SWAC,24,101.4263,117.5356,.1560329,50.7170,52.3279,18.3262,15.4289,22.7342,33.8342,4115,32.7182,48.3259,55.9355,35.588,3136,496,38.1217,7222,-11.2274
330,Texas A&M Commerce,Slnd,25,96.1337,111.9293,.1477330,46.4322,53305,17.3188,18.586,23.6325,33.2330,28.4301,40.3322,47.3288,53.2298,30.3323,34.9250,47.413,31.629,66.6255,-11.9288
331,Fairleigh Dickinson,NEC,28,97.8319,114.0336,.1466331,47.5289,53.2316,17.3188,19.256,28.3206,31.3282,35.5111,32.8185,47.2291,52.6277,31.9267,36311,39.4123,40.2279,72.615,-12.6305
332,Navy,Pat,27,97.2326,113.5329,.1434332,43.4357,51.4228,1555,21.123,31.493,30.2233,35120,37.2284,43.2355,51.8241,29.3340,33.9184,33.1285,41.1297,65.8292,-14.1321
333,Central Arkansas,ASun,30,98.0316,114.9344,.1380333,47.5289,54338,18.1242,15.4289,28.3206,31.4288,29.3286,33.7214,45.2340,51.9246,34.2160,37.9355,37.8165,42.1317,69.488,-18.4352
334,New Orleans,Slnd,24,99.5297,116.7354,.1378334,45.8334,55.4352,17163,19.256,27.5231,34.6349,38.445,40.3322,45.8332,55.8354,30.6315,36.4326,28.5345,32.944,72.218,-15.2329
335,Dartmouth,Ivy,23,93.5349,109.9250,.1352335,46.8310,53.6330,19.2305,13.1354,20.7355,24.825,26.9333,25.722,47.3288,53.1291,30.8312,36.3324,43.342,41.9316,65324,-14.6325
336,Incarnate Word,Slnd,26,98.4307,116.2352,.1296336,48.8252,52.4282,21.6352,15.1302,30.3124,29.8212,37.760,39.7316,48.9236,50.7191,32.4245,37343,39.7114,34.987,69.873,-16.2335
337,Army,Pat,28,91.3356,107.9208,.1289337,46.5317,49.6125,19.3311,16.8194,27.2240,25.544,24.8350,31.3137,45.3338,51.1211,32263,31.655,44.827,39.7266,63.3354,-17.2346
338,Morgan St.,MEAC,24,98.1312,115.9350,.1285338,47304,53.3320,20.3336,18.586,29.2164,37.8361,30.5248,41.9335,48.3259,53.3302,29.1344,35.5284,28.3347,32.537,70.847,-13.2310
339,Manhattan,MAAC,25,95.7342,113.1323,.1269339,46.7312,53.3320,19.2305,17176,25.5290,29.9217,22360,28.674,47301,53290,30.9310,36311,39.5120,33.862,68.8121,-15.1327
340,North Carolina A&T,CAA,30,96.7331,114.4341,.1255340,43.9356,54.8348,1414,16.4225,24.2314,34.8351,35.6109,29.9103,44.2349,56357,28.9345,35.2266,35.7223,36.3138,68.3151,-16.6338
341,Loyola MD,Pat,29,95.4343,113.1321,.1237341,47.6284,53.2316,20.8341,15.3294,29.2164,26.369,30.4249,31.9159,46.9303,53.2298,32.4245,35.5284,38.9138,36.9163,66.1275,-19.5357
342,Tennessee Tech,OVC,27,96.3335,114.3339,.1222342,49.4237,52.2275,17.4196,15.5286,18.6361,28.1134,31.4224,23.911,49.7202,52.4269,32.4245,34.7236,33.5277,38.1217,66.1276,-16332
343,Pacific,WCC,28,97.8320,116.6353,.1171343,47304,56.3361,16.6147,16.3233,18.7360,33326,36.488,36.5278,46.5316,58.2361,31.9267,35.7297,36.2207,40.1275,68.3150,-17.1344
344,LIU Brooklyn,NEC,28,94.3347,112.4305,.1166344,46.5317,50.9198,19.9329,15.6282,25.1296,28.7162,31.9205,41.1330,46.5316,53.2298,31305,30.932,30.5319,3466,70.454,-16.9341
345,Florida A&M,SWAC,24,95.7341,114.1338,.1162345,48.1276,51.9260,21.2347,15.7271,26.4265,32306,27.7315,40.4324,46.2323,51.3224,34.9122,35.2266,30.8316,37.3189,68.4148,-13.9319
346,Buffalo,MAC,27,96.3334,115.2347,.1131346,46.8310,54.1339,19.8326,15305,28.8178,30.7257,25.6346,27.863,51.7129,53.8318,26.7360,36.5330,41.567,34.882,69108,-18.8354
347,Alabama A&M,SWAC,28,92.7352,111.1274,.1116347,45.6339,50.1154,22.8359,19.450,31.493,33.3332,47.82,46.7355,46.6313,47.664,28.6349,36.2319,26.5355,37175,71.134,-15.5331
348,Cal Poly,BW,28,92.6354,111.3277,.1083348,45.3342,51.1213,19.2305,17.6133,24.7305,33.5336,30.6244,42.5337,43.7353,50.7191,32.3251,34.7236,34.1266,30.621,66284,-20.7361
349,Prairie View A&M,SWAC,26,93.8348,113.0316,.1057349,45.1346,53.7332,17.8221,22.78,26.1278,34.1344,37.662,47.6357,45343,54.5333,30.2326,34.7236,26357,32.741,7137,-12.9308
350,Holy Cross,Pat,29,98.3310,119.7362,.0940350,49.2242,53.2316,16.8155,13.2350,23.5329,28.6156,25.5347,30.1111,48268,49.8151,34.2160,39360,37.4177,39.2255,65.7295,-17.3347
351,Detroit,Horz,30,95.7340,117.4355,.0872351,46.6314,55.9357,19.4313,17.5141,26.1278,35.6357,30260,31.6150,50186,55.6351,27.2358,37.7352,36.4202,37.4195,67.6195,-22.8362
352,Houston Christian,Slnd,24,96.1336,118.2360,.0847352,46.6314,53.8335,21.6352,14337,29.8138,33.6339,37.370,28.170,47.2291,55.3348,30330,33.9184,27.5353,33.759,71.923,-14.4323
353,Maryland Eastern Shore,MEAC,21,88.6360,109.1235,.0833353,41.7360,51.2219,20333,18.683,28.4200,33.3332,31.7215,37.2284,41.3360,53.3302,28.4353,31.655,35.4234,36.8157,67.7193,-13.4314
354,Siena,MAAC,28,91.7355,113.4328,.0796354,44.5351,51.6244,23.7361,14.6316,33.743,31.7296,32.1192,27.966,46.1325,50.3172,27.6355,36.2319,34269,3347,66.8244,-19.5356
355,Lindenwood,OVC,27,92.7353,114.7342,.0791355,43.4357,53.9336,17.9228,17.7128,23.9316,28.6156,3934,40.4324,43.2355,52.7282,29.2341,37.3348,30.8316,37.4195,67.9178,-17.2345
356,Southeast Missouri St.,OVC,26,90.9358,112.7313,.0782356,45.2344,52.7292,17.4196,17.4149,23.7324,29.7205,26.1340,43.5343,45.3338,54.6337,30330,32.281,33.2283,30.214,69.678,-18351
357,Stonehill,NEC,29,91.1357,113.9334,.0710357,46.4322,52.5287,19.6320,16.7202,22.6345,31.2277,22.8359,29.694,47.5284,51.6231,30.1327,35.7297,47.413,46.4358,68.4149,-20.6360
358,VMI,SC,27,89.2359,111.6287,.0705358,46.1330,54.4346,21.2347,15.2299,23.9316,30.7257,27.4323,30.2116,46.6313,54.5333,30.1327,36.2319,33286,38.4229,752,-20.3359
359,St. Francis PA,NEC,26,94.6346,118.6361,.0691359,46.9308,52.4282,21.2347,17.1168,3358,32.3312,33169,35.2245,45.9330,52.9286,32.5240,34.4221,35244,36.8157,66283,-16.4336
360,IUPUI,Horz,27,93.3350,117.8357,.0639360,46.1330,58.1362,21345,18.495,29.8138,35.2353,32.8178,33.6209,48.9236,58.5362,25.1362,38.4357,24.5362,37.8206,67.8187,-19.4355
361,Coppin St.,MEAC,25,86.5361,111.3279,.0526361,42.2359,51207,22.7358,22.113,26.5262,38.1362,31.2231,37.8294,42.7357,50.5181,27.4356,34.5228,34.4259,38.6236,66.7248,-18.8353
362,Mississippi Valley St.,SWAC,28,85.0362,118.2359,.0221362,41.1362,55.6356,24.6362,17176,28.4200,35.4356,33.2162,42.9340,41.2362,56357,27.1359,36.5330,28.8342,36.2131,65321,-19.6358