rank,team,conf,record,adjoe,oe Rank,adjde,de Rank,barthag,rank.1,proj. W,Proj. L,Pro Con W,Pro Con L,Con Rec.,sos,ncsos,consos,Proj. SOS,Proj. Noncon SOS,Proj. Con SOS,elite SOS,elite noncon SOS,Opp OE,Opp DE,Opp Proj. OE,Opp Proj DE,Con Adj OE,Con Adj DE,Qual O,Qual D,Qual Barthag,Qual Games,FUN,ConPF,ConPA,ConPoss,ConOE,ConDE,ConSOSRemain,Conf Win%,WAB,WAB Rk,"Fun Rk, adjt", new,Home/Away,Win/Loss,USU_rank,USU_team,USU_conf,USU_record,USU_adjoe,USU_oe Rank,USU_adjde,USU_de Rank,USU_barthag,USU_rank.1,USU_proj. W,USU_Proj. L,USU_Pro Con W,USU_Pro Con L,USU_Con Rec.,USU_sos,USU_ncsos,USU_consos,USU_Proj. SOS,USU_Proj. Noncon SOS,USU_Proj. Con SOS,USU_elite SOS,USU_elite noncon SOS,USU_Opp OE,USU_Opp DE,USU_Opp Proj. OE,USU_Opp Proj DE,USU_Con Adj OE,USU_Con Adj DE,USU_Qual O,USU_Qual D,USU_Qual Barthag,USU_Qual Games,USU_FUN,USU_ConPF,USU_ConPA,USU_ConPoss,USU_ConOE,USU_ConDE,USU_ConSOSRemain,USU_Conf Win%,USU_WAB,USU_WAB Rk,"USU_Fun Rk, adjt",USU_ new
43,VCU,A10,19-7,104.49952192682976,123,90.32302444427955,6,0.8424519385801069,43,19,7,10,4,10-4,0.6369376748166483,0.579667714184918,0.6495837836164401,0.6369376748166483,0.579667714184918,0.6495837836164401,0.7782411531525723,0.7715045134091216,105.19895113704672,99.18935240091332,105.19895113704672,99.18935240091332,102.28243831831638,90.86977953684938,114.22038949953811,98.53882928653664,0.8453139069859039,7,0.0368521817876882,965.0,918.0,974.1999999999998,0.9905563539314312,0.9423116403202628,0,0.7142857142857143,1.0094825578876625,42,102,69.7588743188199,N,L,46,Utah St.,MWC,20-9,104.32898527180464,126,90.35326369344244,7,0.8394247292635596,46,20,9,15,4,15-4,0.5525029159896573,0.5148267128163879,0.520856191201775,0.5525029159896573,0.5148267128163879,0.520856191201775,0.8166105074197818,0.8331788988907745,104.1856409943421,100.85686123370796,104.1856409943421,100.85686123370796,106.7819959087294,87.37154930778037,135.68870257958238,118.52112251505578,0.8257252971739619,6,-0.0497647454039652,1432.0,1152.0,1327.9499999999996,1.0783538536842503,0.8675025415113523,0,0.7894736842105263,-1.136787692031402,67,263,68.74127336763259
120,South Dakota St.,Sum,16-7,109.65449718421895,52,105.6686348353676,245,0.6048710991003846,120,16,7,9,3,9-3,0.4551711496187672,0.5430388950117633,0.4001008008432334,0.4551711496187672,0.5430388950117633,0.4001008008432334,0.8741949803028355,0.8137334328736516,102.30022892534872,103.23384632849296,102.30022892534872,103.23384632849296,109.32176419278431,104.9063907143826,119.75413928653862,91.13127185967129,0.9585569010361992,2,0.0715199436753658,984.0,889.0,865.3874999999999,1.1370628764570785,1.027285464604007,0,0.75,-2.8091451210355443,97,46,71.07190414251747,N,L,46,Utah St.,MWC,20-9,104.32898527180464,126,90.35326369344244,7,0.8394247292635596,46,20,9,15,4,15-4,0.5525029159896573,0.5148267128163879,0.520856191201775,0.5525029159896573,0.5148267128163879,0.520856191201775,0.8166105074197818,0.8331788988907745,104.1856409943421,100.85686123370796,104.1856409943421,100.85686123370796,106.7819959087294,87.37154930778037,135.68870257958238,118.52112251505578,0.8257252971739619,6,-0.0497647454039652,1432.0,1152.0,1327.9499999999996,1.0783538536842503,0.8675025415113523,0,0.7894736842105263,-1.136787692031402,67,263,68.74127336763259
174,Northern Iowa,MVC,10-15,102.34628792745632,166,103.01082049772856,192,0.4814016046795066,174,10,15,7,11,7-11,0.5382010558112624,0.5216386359402424,0.5537385586300851,0.5382010558112624,0.5216386359402424,0.5537385586300851,0.8225831338313843,0.792441907149627,103.47271078789346,99.51880237138772,103.47271078789346,99.51880237138772,101.32143155124706,103.66718936808758,105.29437308450817,106.22685974586004,0.4746727839115237,3,-0.0495565953503686,1215.0,1287.0,1223.8125,0.9927991420254328,1.051631683775088,0,0.3888888888888889,-8.914460204873308,257,262,68.98444191695953,N,W,46,Utah St.,MWC,20-9,104.32898527180464,126,90.35326369344244,7,0.8394247292635596,46,20,9,15,4,15-4,0.5525029159896573,0.5148267128163879,0.520856191201775,0.5525029159896573,0.5148267128163879,0.520856191201775,0.8166105074197818,0.8331788988907745,104.1856409943421,100.85686123370796,104.1856409943421,100.85686123370796,106.7819959087294,87.37154930778037,135.68870257958238,118.52112251505578,0.8257252971739619,6,-0.0497647454039652,1432.0,1152.0,1327.9499999999996,1.0783538536842503,0.8675025415113523,0,0.7894736842105263,-1.136787692031402,67,263,68.74127336763259
25,BYU,WCC,20-7,112.95538719520738,23,93.9824258821248,35,0.8923217353528629,25,20,7,10,3,10-3,0.6568823219472221,0.5885860437964815,0.6658600470912268,0.6568823219472221,0.5885860437964815,0.6658600470912268,0.7035141427272159,0.7554313176752864,107.71321380658192,98.14249115069504,107.71321380658192,98.14249115069504,114.2516470433828,94.06896138525642,111.3063480955432,96.6597667687587,0.835142919152769,7,0.0476595485844814,1019.0,874.0,902.0375,1.1296647866635257,0.968917589346341,0,0.7692307692307693,3.5447679222180035,17,82,67.80307423845314,H,L,46,Utah St.,MWC,20-9,104.32898527180464,126,90.35326369344244,7,0.8394247292635596,46,20,9,15,4,15-4,0.5525029159896573,0.5148267128163879,0.520856191201775,0.5525029159896573,0.5148267128163879,0.520856191201775,0.8166105074197818,0.8331788988907745,104.1856409943421,100.85686123370796,104.1856409943421,100.85686123370796,106.7819959087294,87.37154930778037,135.68870257958238,118.52112251505578,0.8257252971739619,6,-0.0497647454039652,1432.0,1152.0,1327.9499999999996,1.0783538536842503,0.8675025415113523,0,0.7894736842105263,-1.136787692031402,67,263,68.74127336763259
337,Idaho,BSky,1-21,92.47167751336671,319,111.63099682727147,325,0.1029001519534348,337,1,21,1,17,1-17,0.4352353658901547,0.7430114996885303,0.3852727186366643,0.4352353658901547,0.7430114996885303,0.3852727186366643,0.8820464887714864,0.6566313092982375,101.39909228768887,103.86848844961038,101.39909228768887,103.86848844961038,90.87675013068537,113.41294129542156,64.79937755823754,97.12510222778631,0.0094327093735117,1,-0.1260733477957034,1114.0,1397.0,1223.8625000000002,0.9102329714326568,1.1414680979276677,0,0.0555555555555555,-17.29685436902789,346,333,66.89715628414044,H,W,46,Utah St.,MWC,20-9,104.32898527180464,126,90.35326369344244,7,0.8394247292635596,46,20,9,15,4,15-4,0.5525029159896573,0.5148267128163879,0.520856191201775,0.5525029159896573,0.5148267128163879,0.520856191201775,0.8166105074197818,0.8331788988907745,104.1856409943421,100.85686123370796,104.1856409943421,100.85686123370796,106.7819959087294,87.37154930778037,135.68870257958238,118.52112251505578,0.8257252971739619,6,-0.0497647454039652,1432.0,1152.0,1327.9499999999996,1.0783538536842503,0.8675025415113523,0,0.7894736842105263,-1.136787692031402,67,263,68.74127336763259
140,Weber St.,BSky,17-6,105.86744203740204,106,104.08680421134184,215,0.5486132983308414,140,17,6,12,3,12-3,0.3300030133977989,0.3443946032119065,0.3178714980405452,0.3300030133977989,0.3443946032119065,0.3178714980405452,0.9146912284558428,0.8636347232495724,100.10933289440943,104.94282473318806,100.10933289440943,104.94282473318806,106.286609298866,102.23701814219142,190.74995468607517,177.03602508994052,0.702246219051412,1,0.0420448405656761,1207.0,1039.0,1071.3,1.1266685335573603,0.9698497152991692,0,0.8,-3.180404325217535,111,90,71.56142940755079,A,,46,Utah St.,MWC,20-9,104.32898527180464,126,90.35326369344244,7,0.8394247292635596,46,20,9,15,4,15-4,0.5525029159896573,0.5148267128163879,0.520856191201775,0.5525029159896573,0.5148267128163879,0.520856191201775,0.8166105074197818,0.8331788988907745,104.1856409943421,100.85686123370796,104.1856409943421,100.85686123370796,106.7819959087294,87.37154930778037,135.68870257958238,118.52112251505578,0.8257252971739619,6,-0.0497647454039652,1432.0,1152.0,1327.9499999999996,1.0783538536842503,0.8675025415113523,0,0.7894736842105263,-1.136787692031402,67,263,68.74127336763259
230,Northern Colorado,BSky,11-11,98.9965972099116,229,105.1265651006209,236,0.3338296523998608,230,11,11,6,8,6-8,0.3477971988830035,0.3248045767754441,0.3481680289120451,0.3477971988830035,0.3248045767754441,0.3481680289120451,0.8942606896539683,0.7962959915728559,100.0153550037282,103.66782367111618,100.0153550037282,103.66782367111618,96.79058358503384,102.64875693586744,86.7661266757293,96.7060672911159,0.2231699161112089,2,-0.0409589235391223,941.0,946.0,957.05,0.983229716315762,0.9884541037563344,0,0.4285714285714285,-7.822518886001138,226,249,67.82178976129546,H,W,46,Utah St.,MWC,20-9,104.32898527180464,126,90.35326369344244,7,0.8394247292635596,46,20,9,15,4,15-4,0.5525029159896573,0.5148267128163879,0.520856191201775,0.5525029159896573,0.5148267128163879,0.520856191201775,0.8166105074197818,0.8331788988907745,104.1856409943421,100.85686123370796,104.1856409943421,100.85686123370796,106.7819959087294,87.37154930778037,135.68870257958238,118.52112251505578,0.8257252971739619,6,-0.0497647454039652,1432.0,1152.0,1327.9499999999996,1.0783538536842503,0.8675025415113523,0,0.7894736842105263,-1.136787692031402,67,263,68.74127336763259
306,San Jose St.,MWC,5-16,96.99795653225084,266,110.40629597832364,312,0.1840736163797071,306,5,16,3,13,3-13,0.5187430533766099,0.2479305071598004,0.5856550853833277,0.5187430533766099,0.2479305071598004,0.5856550853833277,0.7946313823847629,0.8992087990948985,102.82241571714286,99.3067239701056,102.82241571714286,99.3067239701056,94.45112675337326,109.60802799840704,88.76037565725929,106.72975624415788,0.1071550422662891,4,-0.0297051863765573,1002.0,1285.0,1135.2,0.8826638477801269,1.1319591261451727,0,0.1875,-10.336573991184183,279,228,72.14082677972873,H,W,46,Utah St.,MWC,20-9,104.32898527180464,126,90.35326369344244,7,0.8394247292635596,46,20,9,15,4,15-4,0.5525029159896573,0.5148267128163879,0.520856191201775,0.5525029159896573,0.5148267128163879,0.520856191201775,0.8166105074197818,0.8331788988907745,104.1856409943421,100.85686123370796,104.1856409943421,100.85686123370796,106.7819959087294,87.37154930778037,135.68870257958238,118.52112251505578,0.8257252971739619,6,-0.0497647454039652,1432.0,1152.0,1327.9499999999996,1.0783538536842503,0.8675025415113523,0,0.7894736842105263,-1.136787692031402,67,263,68.74127336763259
306,San Jose St.,MWC,5-16,96.99795653225084,266,110.40629597832364,312,0.1840736163797071,306,5,16,3,13,3-13,0.5187430533766099,0.2479305071598004,0.5856550853833277,0.5187430533766099,0.2479305071598004,0.5856550853833277,0.7946313823847629,0.8992087990948985,102.82241571714286,99.3067239701056,102.82241571714286,99.3067239701056,94.45112675337326,109.60802799840704,88.76037565725929,106.72975624415788,0.1071550422662891,4,-0.0297051863765573,1002.0,1285.0,1135.2,0.8826638477801269,1.1319591261451727,0,0.1875,-10.336573991184183,279,228,72.14082677972873,H,W,46,Utah St.,MWC,20-9,104.32898527180464,126,90.35326369344244,7,0.8394247292635596,46,20,9,15,4,15-4,0.5525029159896573,0.5148267128163879,0.520856191201775,0.5525029159896573,0.5148267128163879,0.520856191201775,0.8166105074197818,0.8331788988907745,104.1856409943421,100.85686123370796,104.1856409943421,100.85686123370796,106.7819959087294,87.37154930778037,135.68870257958238,118.52112251505578,0.8257252971739619,6,-0.0497647454039652,1432.0,1152.0,1327.9499999999996,1.0783538536842503,0.8675025415113523,0,0.7894736842105263,-1.136787692031402,67,263,68.74127336763259
301,Air Force,MWC,5-20,95.77029167552412,282,108.807856751179,298,0.1872838273278576,301,5,20,3,17,3-17,0.5518796023813194,0.3965138036384266,0.5835536157455741,0.5518796023813194,0.3965138036384266,0.5835536157455741,0.816161977712411,0.8813006923122618,103.61440103359664,101.339907051305,103.61440103359664,101.339907051305,96.85357671925884,110.73196885508396,144.08430041201467,184.0180866503765,0.056609244321599,2,-0.0133717961014495,1193.0,1469.0,1280.775,0.9314672756729324,1.1469618004723705,0,0.15,-13.558214696590747,325,201,62.87003180480593,A,W,46,Utah St.,MWC,20-9,104.32898527180464,126,90.35326369344244,7,0.8394247292635596,46,20,9,15,4,15-4,0.5525029159896573,0.5148267128163879,0.520856191201775,0.5525029159896573,0.5148267128163879,0.520856191201775,0.8166105074197818,0.8331788988907745,104.1856409943421,100.85686123370796,104.1856409943421,100.85686123370796,106.7819959087294,87.37154930778037,135.68870257958238,118.52112251505578,0.8257252971739619,6,-0.0497647454039652,1432.0,1152.0,1327.9499999999996,1.0783538536842503,0.8675025415113523,0,0.7894736842105263,-1.136787692031402,67,263,68.74127336763259
301,Air Force,MWC,5-20,95.77029167552412,282,108.807856751179,298,0.1872838273278576,301,5,20,3,17,3-17,0.5518796023813194,0.3965138036384266,0.5835536157455741,0.5518796023813194,0.3965138036384266,0.5835536157455741,0.816161977712411,0.8813006923122618,103.61440103359664,101.339907051305,103.61440103359664,101.339907051305,96.85357671925884,110.73196885508396,144.08430041201467,184.0180866503765,0.056609244321599,2,-0.0133717961014495,1193.0,1469.0,1280.775,0.9314672756729324,1.1469618004723705,0,0.15,-13.558214696590747,325,201,62.87003180480593,A,W,46,Utah St.,MWC,20-9,104.32898527180464,126,90.35326369344244,7,0.8394247292635596,46,20,9,15,4,15-4,0.5525029159896573,0.5148267128163879,0.520856191201775,0.5525029159896573,0.5148267128163879,0.520856191201775,0.8166105074197818,0.8331788988907745,104.1856409943421,100.85686123370796,104.1856409943421,100.85686123370796,106.7819959087294,87.37154930778037,135.68870257958238,118.52112251505578,0.8257252971739619,6,-0.0497647454039652,1432.0,1152.0,1327.9499999999996,1.0783538536842503,0.8675025415113523,0,0.7894736842105263,-1.136787692031402,67,263,68.74127336763259
270,New Mexico,MWC,6-16,93.60617676227083,302,103.14175364689665,195,0.2468300111930513,270,6,16,2,15,2-15,0.4799463028837948,0.166684853085987,0.5546432569676171,0.4799463028837948,0.166684853085987,0.5546432569676171,0.8449226793183925,0.9622002025387332,103.23860952914464,102.15395159848372,103.23860952914464,102.15395159848372,89.45710550853663,103.1137790629451,127.77914032251796,177.1081020137375,0.0228820340776521,2,-0.0437360982723289,1021.0,1246.0,1166.7125,0.875108477881226,1.0679580445053944,0,0.1176470588235294,-11.224007762428858,288,253,67.35280196434557,A,W,46,Utah St.,MWC,20-9,104.32898527180464,126,90.35326369344244,7,0.8394247292635596,46,20,9,15,4,15-4,0.5525029159896573,0.5148267128163879,0.520856191201775,0.5525029159896573,0.5148267128163879,0.520856191201775,0.8166105074197818,0.8331788988907745,104.1856409943421,100.85686123370796,104.1856409943421,100.85686123370796,106.7819959087294,87.37154930778037,135.68870257958238,118.52112251505578,0.8257252971739619,6,-0.0497647454039652,1432.0,1152.0,1327.9499999999996,1.0783538536842503,0.8675025415113523,0,0.7894736842105263,-1.136787692031402,67,263,68.74127336763259
270,New Mexico,MWC,6-16,93.60617676227083,302,103.14175364689665,195,0.2468300111930513,270,6,16,2,15,2-15,0.4799463028837948,0.166684853085987,0.5546432569676171,0.4799463028837948,0.166684853085987,0.5546432569676171,0.8449226793183925,0.9622002025387332,103.23860952914464,102.15395159848372,103.23860952914464,102.15395159848372,89.45710550853663,103.1137790629451,127.77914032251796,177.1081020137375,0.0228820340776521,2,-0.0437360982723289,1021.0,1246.0,1166.7125,0.875108477881226,1.0679580445053944,0,0.1176470588235294,-11.224007762428858,288,253,67.35280196434557,A,W,46,Utah St.,MWC,20-9,104.32898527180464,126,90.35326369344244,7,0.8394247292635596,46,20,9,15,4,15-4,0.5525029159896573,0.5148267128163879,0.520856191201775,0.5525029159896573,0.5148267128163879,0.520856191201775,0.8166105074197818,0.8331788988907745,104.1856409943421,100.85686123370796,104.1856409943421,100.85686123370796,106.7819959087294,87.37154930778037,135.68870257958238,118.52112251505578,0.8257252971739619,6,-0.0497647454039652,1432.0,1152.0,1327.9499999999996,1.0783538536842503,0.8675025415113523,0,0.7894736842105263,-1.136787692031402,67,263,68.74127336763259
183,San Diego,WCC,3-11,98.0710859678418,251,99.92236012453549,125,0.446441174056347,183,3,11,2,7,2-7,0.6556326173880483,0.6129740697070248,0.6707761741582906,0.6556326173880483,0.6129740697070248,0.6707761741582906,0.7122839934397455,0.7379014830172018,107.1201483389021,98.50073037038622,107.1201483389021,98.50073037038622,99.4088597461343,96.95627572524184,106.44272878804662,108.88735980436309,0.4350861969540436,3,-0.0898919066341461,625.0,704.0,667.0125,0.937013924026911,1.0554524840239126,0,0.2222222222222222,-5.913377949548396,172,314,70.11802821039838,H,W,46,Utah St.,MWC,20-9,104.32898527180464,126,90.35326369344244,7,0.8394247292635596,46,20,9,15,4,15-4,0.5525029159896573,0.5148267128163879,0.520856191201775,0.5525029159896573,0.5148267128163879,0.520856191201775,0.8166105074197818,0.8331788988907745,104.1856409943421,100.85686123370796,104.1856409943421,100.85686123370796,106.7819959087294,87.37154930778037,135.68870257958238,118.52112251505578,0.8257252971739619,6,-0.0497647454039652,1432.0,1152.0,1327.9499999999996,1.0783538536842503,0.8675025415113523,0,0.7894736842105263,-1.136787692031402,67,263,68.74127336763259
183,San Diego,WCC,3-11,98.0710859678418,251,99.92236012453549,125,0.446441174056347,183,3,11,2,7,2-7,0.6556326173880483,0.6129740697070248,0.6707761741582906,0.6556326173880483,0.6129740697070248,0.6707761741582906,0.7122839934397455,0.7379014830172018,107.1201483389021,98.50073037038622,107.1201483389021,98.50073037038622,99.4088597461343,96.95627572524184,106.44272878804662,108.88735980436309,0.4350861969540436,3,-0.0898919066341461,625.0,704.0,667.0125,0.937013924026911,1.0554524840239126,0,0.2222222222222222,-5.913377949548396,172,314,70.11802821039838,H,W,46,Utah St.,MWC,20-9,104.32898527180464,126,90.35326369344244,7,0.8394247292635596,46,20,9,15,4,15-4,0.5525029159896573,0.5148267128163879,0.520856191201775,0.5525029159896573,0.5148267128163879,0.520856191201775,0.8166105074197818,0.8331788988907745,104.1856409943421,100.85686123370796,104.1856409943421,100.85686123370796,106.7819959087294,87.37154930778037,135.68870257958238,118.52112251505578,0.8257252971739619,6,-0.0497647454039652,1432.0,1152.0,1327.9499999999996,1.0783538536842503,0.8675025415113523,0,0.7894736842105263,-1.136787692031402,67,263,68.74127336763259
8,Colorado,P12,23-9,115.69499256986052,13,92.49174409169495,23,0.9291783932373112,8,23,9,14,6,14-6,0.7526301582120204,0.5326103658405427,0.8107765105501106,0.7526301582120204,0.5326103658405427,0.8107765105501106,0.6644933534162148,0.8204929592949705,108.41585326852314,96.67526071209475,108.41585326852314,96.67526071209475,115.52514256863988,91.49996490443958,117.08081462847504,92.71330730312762,0.9360491195866566,14,-0.0150367272928663,1445.0,1298.0,1326.7375000000002,1.089137828696332,0.978339724323764,0,0.7,4.8582204265256985,10,205,66.07121899976943,H,W,46,Utah St.,MWC,20-9,104.32898527180464,126,90.35326369344244,7,0.8394247292635596,46,20,9,15,4,15-4,0.5525029159896573,0.5148267128163879,0.520856191201775,0.5525029159896573,0.5148267128163879,0.520856191201775,0.8166105074197818,0.8331788988907745,104.1856409943421,100.85686123370796,104.1856409943421,100.85686123370796,106.7819959087294,87.37154930778037,135.68870257958238,118.52112251505578,0.8257252971739619,6,-0.0497647454039652,1432.0,1152.0,1327.9499999999996,1.0783538536842503,0.8675025415113523,0,0.7894736842105263,-1.136787692031402,67,263,68.74127336763259
8,Colorado,P12,23-9,115.69499256986052,13,92.49174409169495,23,0.9291783932373112,8,23,9,14,6,14-6,0.7526301582120204,0.5326103658405427,0.8107765105501106,0.7526301582120204,0.5326103658405427,0.8107765105501106,0.6644933534162148,0.8204929592949705,108.41585326852314,96.67526071209475,108.41585326852314,96.67526071209475,115.52514256863988,91.49996490443958,117.08081462847504,92.71330730312762,0.9360491195866566,14,-0.0150367272928663,1445.0,1298.0,1326.7375000000002,1.089137828696332,0.978339724323764,0,0.7,4.8582204265256985,10,205,66.07121899976943,H,L,46,Utah St.,MWC,20-9,104.32898527180464,126,90.35326369344244,7,0.8394247292635596,46,20,9,15,4,15-4,0.5525029159896573,0.5148267128163879,0.520856191201775,0.5525029159896573,0.5148267128163879,0.520856191201775,0.8166105074197818,0.8331788988907745,104.1856409943421,100.85686123370796,104.1856409943421,100.85686123370796,106.7819959087294,87.37154930778037,135.68870257958238,118.52112251505578,0.8257252971739619,6,-0.0497647454039652,1432.0,1152.0,1327.9499999999996,1.0783538536842503,0.8675025415113523,0,0.7894736842105263,-1.136787692031402,67,263,68.74127336763259
171,UNLV,MWC,12-15,103.43136600552732,137,103.8569043309582,210,0.4881981053463707,171,12,15,8,10,8-10,0.5239354743897224,0.4911033419889408,0.5395177448889316,0.5239354743897224,0.4911033419889408,0.5395177448889316,0.8064075916240481,0.7905028436946807,103.18802952009736,100.2622449559354,103.18802952009736,100.2622449559354,103.19831370606208,104.00286587875692,125.2314374417909,123.9236315190162,0.5301452135258818,4,-0.0243531515615656,1204.0,1227.0,1178.5124999999998,1.0216268389177037,1.041142966239221,0,0.4444444444444444,-7.849769981334507,227,219,65.80486620878817,A,L,46,Utah St.,MWC,20-9,104.32898527180464,126,90.35326369344244,7,0.8394247292635596,46,20,9,15,4,15-4,0.5525029159896573,0.5148267128163879,0.520856191201775,0.5525029159896573,0.5148267128163879,0.520856191201775,0.8166105074197818,0.8331788988907745,104.1856409943421,100.85686123370796,104.1856409943421,100.85686123370796,106.7819959087294,87.37154930778037,135.68870257958238,118.52112251505578,0.8257252971739619,6,-0.0497647454039652,1432.0,1152.0,1327.9499999999996,1.0783538536842503,0.8675025415113523,0,0.7894736842105263,-1.136787692031402,67,263,68.74127336763259
171,UNLV,MWC,12-15,103.43136600552732,137,103.8569043309582,210,0.4881981053463707,171,12,15,8,10,8-10,0.5239354743897224,0.4911033419889408,0.5395177448889316,0.5239354743897224,0.4911033419889408,0.5395177448889316,0.8064075916240481,0.7905028436946807,103.18802952009736,100.2622449559354,103.18802952009736,100.2622449559354,103.19831370606208,104.00286587875692,125.2314374417909,123.9236315190162,0.5301452135258818,4,-0.0243531515615656,1204.0,1227.0,1178.5124999999998,1.0216268389177037,1.041142966239221,0,0.4444444444444444,-7.849769981334507,227,219,65.80486620878817,A,W,46,Utah St.,MWC,20-9,104.32898527180464,126,90.35326369344244,7,0.8394247292635596,46,20,9,15,4,15-4,0.5525029159896573,0.5148267128163879,0.520856191201775,0.5525029159896573,0.5148267128163879,0.520856191201775,0.8166105074197818,0.8331788988907745,104.1856409943421,100.85686123370796,104.1856409943421,100.85686123370796,106.7819959087294,87.37154930778037,135.68870257958238,118.52112251505578,0.8257252971739619,6,-0.0497647454039652,1432.0,1152.0,1327.9499999999996,1.0783538536842503,0.8675025415113523,0,0.7894736842105263,-1.136787692031402,67,263,68.74127336763259
181,Fresno St.,MWC,12-12,100.83795989253387,196,102.14135470090682,173,0.4631438826453908,181,12,12,9,11,9-11,0.508960563142335,0.0,0.5615052718698766,0.508960563142335,0.0,0.5615052718698766,0.8250680829466651,1.0,103.400655718098,101.05514938480862,103.400655718098,101.05514938480862,98.77751757897668,101.09909182872426,101.22526223827784,109.9663639578686,0.2783821050077107,2,0.0341262233731753,1279.0,1357.0,1316.5874999999996,0.971450815080654,1.030694883553125,0,0.45,-6.1230312549866595,178,106,65.19765173842062,A,W,46,Utah St.,MWC,20-9,104.32898527180464,126,90.35326369344244,7,0.8394247292635596,46,20,9,15,4,15-4,0.5525029159896573,0.5148267128163879,0.520856191201775,0.5525029159896573,0.5148267128163879,0.520856191201775,0.8166105074197818,0.8331788988907745,104.1856409943421,100.85686123370796,104.1856409943421,100.85686123370796,106.7819959087294,87.37154930778037,135.68870257958238,118.52112251505578,0.8257252971739619,6,-0.0497647454039652,1432.0,1152.0,1327.9499999999996,1.0783538536842503,0.8675025415113523,0,0.7894736842105263,-1.136787692031402,67,263,68.74127336763259
181,Fresno St.,MWC,12-12,100.83795989253387,196,102.14135470090682,173,0.4631438826453908,181,12,12,9,11,9-11,0.508960563142335,0.0,0.5615052718698766,0.508960563142335,0.0,0.5615052718698766,0.8250680829466651,1.0,103.400655718098,101.05514938480862,103.400655718098,101.05514938480862,98.77751757897668,101.09909182872426,101.22526223827784,109.9663639578686,0.2783821050077107,2,0.0341262233731753,1279.0,1357.0,1316.5874999999996,0.971450815080654,1.030694883553125,0,0.45,-6.1230312549866595,178,106,65.19765173842062,A,,46,Utah St.,MWC,20-9,104.32898527180464,126,90.35326369344244,7,0.8394247292635596,46,20,9,15,4,15-4,0.5525029159896573,0.5148267128163879,0.520856191201775,0.5525029159896573,0.5148267128163879,0.520856191201775,0.8166105074197818,0.8331788988907745,104.1856409943421,100.85686123370796,104.1856409943421,100.85686123370796,106.7819959087294,87.37154930778037,135.68870257958238,118.52112251505578,0.8257252971739619,6,-0.0497647454039652,1432.0,1152.0,1327.9499999999996,1.0783538536842503,0.8675025415113523,0,0.7894736842105263,-1.136787692031402,67,263,68.74127336763259
153,Wyoming,MWC,14-11,108.8434418114012,58,107.65957348630212,282,0.5314007261314895,153,14,11,7,9,7-9,0.493891037071585,0.2860267755750781,0.5785397760284275,0.493891037071585,0.2860267755750781,0.5785397760284275,0.8243125173713338,0.9058672191411696,101.42260657615536,102.27296836763968,101.42260657615536,102.27296836763968,105.32386634220389,107.80703509897694,109.05114367604564,110.263940875273,0.4682453717978765,5,0.0281916590164484,1139.0,1219.0,1111.4874999999995,1.0247528649669926,1.0967284832263071,0,0.4375,-5.077506161171223,155,120,69.17857530375916,H,,46,Utah St.,MWC,20-9,104.32898527180464,126,90.35326369344244,7,0.8394247292635596,46,20,9,15,4,15-4,0.5525029159896573,0.5148267128163879,0.520856191201775,0.5525029159896573,0.5148267128163879,0.520856191201775,0.8166105074197818,0.8331788988907745,104.1856409943421,100.85686123370796,104.1856409943421,100.85686123370796,106.7819959087294,87.37154930778037,135.68870257958238,118.52112251505578,0.8257252971739619,6,-0.0497647454039652,1432.0,1152.0,1327.9499999999996,1.0783538536842503,0.8675025415113523,0,0.7894736842105263,-1.136787692031402,67,263,68.74127336763259
153,Wyoming,MWC,14-11,108.8434418114012,58,107.65957348630212,282,0.5314007261314895,153,14,11,7,9,7-9,0.493891037071585,0.2860267755750781,0.5785397760284275,0.493891037071585,0.2860267755750781,0.5785397760284275,0.8243125173713338,0.9058672191411696,101.42260657615536,102.27296836763968,101.42260657615536,102.27296836763968,105.32386634220389,107.80703509897694,109.05114367604564,110.263940875273,0.4682453717978765,5,0.0281916590164484,1139.0,1219.0,1111.4874999999995,1.0247528649669926,1.0967284832263071,0,0.4375,-5.077506161171223,155,120,69.17857530375916,H,,46,Utah St.,MWC,20-9,104.32898527180464,126,90.35326369344244,7,0.8394247292635596,46,20,9,15,4,15-4,0.5525029159896573,0.5148267128163879,0.520856191201775,0.5525029159896573,0.5148267128163879,0.520856191201775,0.8166105074197818,0.8331788988907745,104.1856409943421,100.85686123370796,104.1856409943421,100.85686123370796,106.7819959087294,87.37154930778037,135.68870257958238,118.52112251505578,0.8257252971739619,6,-0.0497647454039652,1432.0,1152.0,1327.9499999999996,1.0783538536842503,0.8675025415113523,0,0.7894736842105263,-1.136787692031402,67,263,68.74127336763259
68,Boise St.,MWC,19-9,107.93846272160457,73,96.92549814355104,72,0.7751485103794956,68,19,9,14,6,14-6,0.5575948697389067,0.5624480663112826,0.5219737274679624,0.5575948697389067,0.5624480663112826,0.5219737274679624,0.7762259730578286,0.6883374848805014,104.42059687686972,100.40258142229736,104.42059687686972,100.40258142229736,108.1825127868254,96.84621060869372,98.00580663768288,85.2082384743754,0.833297361791201,5,0.0339956368098289,1525.0,1335.0,1397.9499999999998,1.0908830787939483,0.9549697771737188,0,0.7,-0.8443443803302462,62,108,68.91276140610739,A,L,46,Utah St.,MWC,20-9,104.32898527180464,126,90.35326369344244,7,0.8394247292635596,46,20,9,15,4,15-4,0.5525029159896573,0.5148267128163879,0.520856191201775,0.5525029159896573,0.5148267128163879,0.520856191201775,0.8166105074197818,0.8331788988907745,104.1856409943421,100.85686123370796,104.1856409943421,100.85686123370796,106.7819959087294,87.37154930778037,135.68870257958238,118.52112251505578,0.8257252971739619,6,-0.0497647454039652,1432.0,1152.0,1327.9499999999996,1.0783538536842503,0.8675025415113523,0,0.7894736842105263,-1.136787692031402,67,263,68.74127336763259
68,Boise St.,MWC,19-9,107.93846272160457,73,96.92549814355104,72,0.7751485103794956,68,19,9,14,6,14-6,0.5575948697389067,0.5624480663112826,0.5219737274679624,0.5575948697389067,0.5624480663112826,0.5219737274679624,0.7762259730578286,0.6883374848805014,104.42059687686972,100.40258142229736,104.42059687686972,100.40258142229736,108.1825127868254,96.84621060869372,98.00580663768288,85.2082384743754,0.833297361791201,5,0.0339956368098289,1525.0,1335.0,1397.9499999999998,1.0908830787939483,0.9549697771737188,0,0.7,-0.8443443803302462,62,108,68.91276140610739,A,L,46,Utah St.,MWC,20-9,104.32898527180464,126,90.35326369344244,7,0.8394247292635596,46,20,9,15,4,15-4,0.5525029159896573,0.5148267128163879,0.520856191201775,0.5525029159896573,0.5148267128163879,0.520856191201775,0.8166105074197818,0.8331788988907745,104.1856409943421,100.85686123370796,104.1856409943421,100.85686123370796,106.7819959087294,87.37154930778037,135.68870257958238,118.52112251505578,0.8257252971739619,6,-0.0497647454039652,1432.0,1152.0,1327.9499999999996,1.0783538536842503,0.8675025415113523,0,0.7894736842105263,-1.136787692031402,67,263,68.74127336763259
104,Nevada,MWC,16-10,107.8277245289996,74,100.71086627560577,140,0.6868067947777903,104,16,10,10,7,10-7,0.5703956849089841,0.5336910630297018,0.5538190230068419,0.5703956849089841,0.5336910630297018,0.5538190230068419,0.7947598793418832,0.8449819262398309,103.67241352546829,99.46942877640316,103.67241352546829,99.46942877640316,106.89476156062308,100.16583924150684,107.15636675633912,101.68741673448064,0.6462129901923545,5,0.0386580230560316,1254.0,1173.0,1179.2875,1.063353931929237,0.9946683908716067,0,0.5882352941176471,-2.799216102712263,96,96,70.07149931300711,H,W,46,Utah St.,MWC,20-9,104.32898527180464,126,90.35326369344244,7,0.8394247292635596,46,20,9,15,4,15-4,0.5525029159896573,0.5148267128163879,0.520856191201775,0.5525029159896573,0.5148267128163879,0.520856191201775,0.8166105074197818,0.8331788988907745,104.1856409943421,100.85686123370796,104.1856409943421,100.85686123370796,106.7819959087294,87.37154930778037,135.68870257958238,118.52112251505578,0.8257252971739619,6,-0.0497647454039652,1432.0,1152.0,1327.9499999999996,1.0783538536842503,0.8675025415113523,0,0.7894736842105263,-1.136787692031402,67,263,68.74127336763259
104,Nevada,MWC,16-10,107.8277245289996,74,100.71086627560577,140,0.6868067947777903,104,16,10,10,7,10-7,0.5703956849089841,0.5336910630297018,0.5538190230068419,0.5703956849089841,0.5336910630297018,0.5538190230068419,0.7947598793418832,0.8449819262398309,103.67241352546829,99.46942877640316,103.67241352546829,99.46942877640316,106.89476156062308,100.16583924150684,107.15636675633912,101.68741673448064,0.6462129901923545,5,0.0386580230560316,1254.0,1173.0,1179.2875,1.063353931929237,0.9946683908716067,0,0.5882352941176471,-2.799216102712263,96,96,70.07149931300711,H,W,46,Utah St.,MWC,20-9,104.32898527180464,126,90.35326369344244,7,0.8394247292635596,46,20,9,15,4,15-4,0.5525029159896573,0.5148267128163879,0.520856191201775,0.5525029159896573,0.5148267128163879,0.520856191201775,0.8166105074197818,0.8331788988907745,104.1856409943421,100.85686123370796,104.1856409943421,100.85686123370796,106.7819959087294,87.37154930778037,135.68870257958238,118.52112251505578,0.8257252971739619,6,-0.0497647454039652,1432.0,1152.0,1327.9499999999996,1.0783538536842503,0.8675025415113523,0,0.7894736842105263,-1.136787692031402,67,263,68.74127336763259
153,Wyoming,MWC,14-11,108.8434418114012,58,107.65957348630212,282,0.5314007261314895,153,14,11,7,9,7-9,0.493891037071585,0.2860267755750781,0.5785397760284275,0.493891037071585,0.2860267755750781,0.5785397760284275,0.8243125173713338,0.9058672191411696,101.42260657615536,102.27296836763968,101.42260657615536,102.27296836763968,105.32386634220389,107.80703509897694,109.05114367604564,110.263940875273,0.4682453717978765,5,0.0281916590164484,1139.0,1219.0,1111.4874999999995,1.0247528649669926,1.0967284832263071,0,0.4375,-5.077506161171223,155,120,69.17857530375916,H,W,46,Utah St.,MWC,20-9,104.32898527180464,126,90.35326369344244,7,0.8394247292635596,46,20,9,15,4,15-4,0.5525029159896573,0.5148267128163879,0.520856191201775,0.5525029159896573,0.5148267128163879,0.520856191201775,0.8166105074197818,0.8331788988907745,104.1856409943421,100.85686123370796,104.1856409943421,100.85686123370796,106.7819959087294,87.37154930778037,135.68870257958238,118.52112251505578,0.8257252971739619,6,-0.0497647454039652,1432.0,1152.0,1327.9499999999996,1.0783538536842503,0.8675025415113523,0,0.7894736842105263,-1.136787692031402,67,263,68.74127336763259
181,Fresno St.,MWC,12-12,100.83795989253387,196,102.14135470090682,173,0.4631438826453908,181,12,12,9,11,9-11,0.508960563142335,0.0,0.5615052718698766,0.508960563142335,0.0,0.5615052718698766,0.8250680829466651,1.0,103.400655718098,101.05514938480862,103.400655718098,101.05514938480862,98.77751757897668,101.09909182872426,101.22526223827784,109.9663639578686,0.2783821050077107,2,0.0341262233731753,1279.0,1357.0,1316.5874999999996,0.971450815080654,1.030694883553125,0,0.45,-6.1230312549866595,178,106,65.19765173842062,A,W,46,Utah St.,MWC,20-9,104.32898527180464,126,90.35326369344244,7,0.8394247292635596,46,20,9,15,4,15-4,0.5525029159896573,0.5148267128163879,0.520856191201775,0.5525029159896573,0.5148267128163879,0.520856191201775,0.8166105074197818,0.8331788988907745,104.1856409943421,100.85686123370796,104.1856409943421,100.85686123370796,106.7819959087294,87.37154930778037,135.68870257958238,118.52112251505578,0.8257252971739619,6,-0.0497647454039652,1432.0,1152.0,1327.9499999999996,1.0783538536842503,0.8675025415113523,0,0.7894736842105263,-1.136787692031402,67,263,68.74127336763259
171,UNLV,MWC,12-15,103.43136600552732,137,103.8569043309582,210,0.4881981053463707,171,12,15,8,10,8-10,0.5239354743897224,0.4911033419889408,0.5395177448889316,0.5239354743897224,0.4911033419889408,0.5395177448889316,0.8064075916240481,0.7905028436946807,103.18802952009736,100.2622449559354,103.18802952009736,100.2622449559354,103.19831370606208,104.00286587875692,125.2314374417909,123.9236315190162,0.5301452135258818,4,-0.0243531515615656,1204.0,1227.0,1178.5124999999998,1.0216268389177037,1.041142966239221,0,0.4444444444444444,-7.849769981334507,227,219,65.80486620878817,A,W,46,Utah St.,MWC,20-9,104.32898527180464,126,90.35326369344244,7,0.8394247292635596,46,20,9,15,4,15-4,0.5525029159896573,0.5148267128163879,0.520856191201775,0.5525029159896573,0.5148267128163879,0.520856191201775,0.8166105074197818,0.8331788988907745,104.1856409943421,100.85686123370796,104.1856409943421,100.85686123370796,106.7819959087294,87.37154930778037,135.68870257958238,118.52112251505578,0.8257252971739619,6,-0.0497647454039652,1432.0,1152.0,1327.9499999999996,1.0783538536842503,0.8675025415113523,0,0.7894736842105263,-1.136787692031402,67,263,68.74127336763259
8,Colorado,P12,23-9,115.69499256986052,13,92.49174409169495,23,0.9291783932373112,8,23,9,14,6,14-6,0.7526301582120204,0.5326103658405427,0.8107765105501106,0.7526301582120204,0.5326103658405427,0.8107765105501106,0.6644933534162148,0.8204929592949705,108.41585326852314,96.67526071209475,108.41585326852314,96.67526071209475,115.52514256863988,91.49996490443958,117.08081462847504,92.71330730312762,0.9360491195866566,14,-0.0150367272928663,1445.0,1298.0,1326.7375000000002,1.089137828696332,0.978339724323764,0,0.7,4.8582204265256985,10,205,66.07121899976943,N,W,46,Utah St.,MWC,20-9,104.32898527180464,126,90.35326369344244,7,0.8394247292635596,46,20,9,15,4,15-4,0.5525029159896573,0.5148267128163879,0.520856191201775,0.5525029159896573,0.5148267128163879,0.520856191201775,0.8166105074197818,0.8331788988907745,104.1856409943421,100.85686123370796,104.1856409943421,100.85686123370796,106.7819959087294,87.37154930778037,135.68870257958238,118.52112251505578,0.8257252971739619,6,-0.0497647454039652,1432.0,1152.0,1327.9499999999996,1.0783538536842503,0.8675025415113523,0,0.7894736842105263,-1.136787692031402,67,263,68.74127336763259
183,San Diego,WCC,3-11,98.0710859678418,251,99.92236012453549,125,0.446441174056347,183,3,11,2,7,2-7,0.6556326173880483,0.6129740697070248,0.6707761741582906,0.6556326173880483,0.6129740697070248,0.6707761741582906,0.7122839934397455,0.7379014830172018,107.1201483389021,98.50073037038622,107.1201483389021,98.50073037038622,99.4088597461343,96.95627572524184,106.44272878804662,108.88735980436309,0.4350861969540436,3,-0.0898919066341461,625.0,704.0,667.0125,0.937013924026911,1.0554524840239126,0,0.2222222222222222,-5.913377949548396,172,314,70.11802821039838,N,L,46,Utah St.,MWC,20-9,104.32898527180464,126,90.35326369344244,7,0.8394247292635596,46,20,9,15,4,15-4,0.5525029159896573,0.5148267128163879,0.520856191201775,0.5525029159896573,0.5148267128163879,0.520856191201775,0.8166105074197818,0.8331788988907745,104.1856409943421,100.85686123370796,104.1856409943421,100.85686123370796,106.7819959087294,87.37154930778037,135.68870257958238,118.52112251505578,0.8257252971739619,6,-0.0497647454039652,1432.0,1152.0,1327.9499999999996,1.0783538536842503,0.8675025415113523,0,0.7894736842105263,-1.136787692031402,67,263,68.74127336763259
16,Texas Tech,B12,18-11,111.9660040985666,31,91.8811535795522,18,0.9066620168676416,16,18,11,9,8,9-8,0.6748682256581839,0.3984328145486972,0.7855552861096946,0.6748682256581839,0.3984328145486972,0.7855552861096946,0.6717936203627108,0.8264123862523689,106.82671590452352,97.56943990519213,106.82671590452352,97.56943990519213,114.46262010270472,94.95651998115676,122.96205406938596,104.8729714651408,0.8617556266140648,16,-0.0634785451672028,1224.0,1162.0,1140.2750000000003,1.0734252702199027,1.019052421564973,0,0.5294117647058824,0.9608317741568144,44,282,65.3450122585583,N,L,46,Utah St.,MWC,20-9,104.32898527180464,126,90.35326369344244,7,0.8394247292635596,46,20,9,15,4,15-4,0.5525029159896573,0.5148267128163879,0.520856191201775,0.5525029159896573,0.5148267128163879,0.520856191201775,0.8166105074197818,0.8331788988907745,104.1856409943421,100.85686123370796,104.1856409943421,100.85686123370796,106.7819959087294,87.37154930778037,135.68870257958238,118.52112251505578,0.8257252971739619,6,-0.0497647454039652,1432.0,1152.0,1327.9499999999996,1.0783538536842503,0.8675025415113523,0,0.7894736842105263,-1.136787692031402,67,263,68.74127336763259
